time_elapsed,replicate_1,replicate_2,replicate_3,replicate_4,replicate_5,replicate_6,replicate_7,replicate_8,replicate_9,replicate_10,replicate_11,replicate_12,replicate_13,replicate_14,replicate_15,replicate_16
"(0, 10]",0.10100671140939611,0.16040268456375825,0.11510067114093978,0.10234899328859054,0.005704697986577182,0.05503355704697974,0.11140939597315483,0.0026845637583892616,0.0345637583892617,0.1298657718120809,0.011592434411226352,0.19899328859060428,0.11442953020134267,0.02606267452683833,0.025167785234899293,0.038926174496644234
"(10, 20]",0.13187919463087286,0.1181208053691275,0.13993288590604086,0.053020134228187854,0.03322147651006706,0.05100671140939585,0.10939597315436297,0.0,0.04261744966442947,0.09798657718120816,0.0009151921903599755,0.1916107382550336,0.11644295302013459,0.0256253813300793,0.02651006711409392,0.22953020134228186
"(20, 30]",0.14966442953020187,0.12416107382550362,0.1637583892617455,0.04899328859060394,0.0392617449664429,0.057718120805369054,0.09261744966442981,0.00771812080536913,0.014765100671140941,0.02181208053691274,0.010067114093959727,0.12046979865771881,0.15973154362416148,0.0067114093959731525,0.006040268456375841,0.20939597315436217
"(30, 40]",0.09397993311036813,0.17625418060200707,0.09799331103678938,0.01739130434782608,0.009364548494983282,0.026421404682274215,0.048829431438126986,0.026755852842809333,0.014381270903010036,0.041471571906354435,0.02493159014898144,0.06622073578595325,0.16923076923077005,0.06932198236546076,0.031772575250836085,0.26889632107023415
"(40, 50]",0.11040268456375829,0.08422818791946313,0.05872483221476508,0.025838926174496613,0.002348993288590604,0.00939597315436242,0.12348993288590653,0.06308724832214764,0.05838926174496631,0.06208053691275161,0.014643075045759603,0.022483221476510055,0.12617449664429556,0.05155582672361204,0.019127516778523486,0.18322147651006812
"(50, 60]",0.1362416107382555,0.15805369127516844,0.043959731543624134,0.01879194630872483,0.012080536912751686,0.03288590604026842,0.057046979865771716,0.06711409395973149,0.060402684563758365,0.009731543624161077,0.023794996949359347,0.09496644295302006,0.1224832214765105,0.05295378022650754,0.026510067114093924,0.1778523489932892
"(60, 70]",0.07257525083612033,0.0849498327759199,0.1177257525083614,0.029431438127090287,0.0046822742474916385,0.009030100334448165,0.11371237458193999,0.028428093645484914,0.0471571906354514,0.0240802675585284,0.04287017330495601,0.1180602006688964,0.02374581939799329,0.013681970203709325,0.02474916387959865,0.17090301003344546
"(70, 80]",0.1275167785234903,0.06610738255033557,0.16677852348993338,0.03288590604026839,0.008053691275167788,0.02348993288590601,0.12818791946308775,0.030536912751677834,0.07483221476510064,0.04194630872483214,0.014948139109212924,0.05369127516778513,0.05738255033557045,0.10341671751067738,0.041946308724832126,0.16308724832214821
"(80, 90]",0.05384615384615376,0.05886287625418058,0.032441471571906313,0.0016722408026755853,0.06789297658862871,0.006020066889632108,0.09264214046822782,0.05451505016722402,0.0424749163879598,0.013712374581939805,0.010641532380662812,0.09364548494983285,0.03255033557046976,0.06375838926174499,0.017785234899328848,0.17852348993288628
"(90, 100]",0.04563758389261736,0.07785234899328858,0.10570469798657736,0.0036912751677852344,0.03892617449664422,0.028187919463087206,0.0681208053691276,0.0050335570469798654,0.03557046979865766,0.025838926174496638,0.019219035997559475,0.08489932885906072,0.02709030100334444,0.024627546366676786,0.0030100334448160534,0.13779264214046885
"(100, 110]",0.07248322147651007,0.13120805369127525,0.11308724832214802,0.008389261744966446,0.0,0.0,0.17718120805369159,0.0214765100671141,0.05939597315436237,0.004697986577181208,0.046064673581452255,0.06946308724832226,0.036577181208053644,0.011592434411226354,0.006375838926174498,0.12684563758389303
"(110, 120]",0.07090301003344475,0.1297658862876258,0.06287625418060196,0.03946488294314375,0.0,0.008026755852842812,0.1367892976588632,0.018729096989966543,0.08494983277591978,0.02541806020066887,0.008209182122225598,0.018729096989966543,0.04180602006688956,0.020979020979020966,0.03511705685618725,0.15150501672240851
"(120, 130]",0.03590604026845632,0.07885906040268463,0.08557046979865783,0.06979865771812085,0.00033557046979865775,0.01375838926174497,0.0671140939597315,0.046308724832214675,0.03355704697986571,0.05268456375838917,0.0030506406345332526,0.09966442953020162,0.050335570469798536,0.04942037827943874,0.03523489932885901,0.1600671140939604
"(130, 140]",0.03590604026845634,0.08892617449664444,0.14228187919463106,0.016107382550335576,0.020805369127516758,0.06342281879194633,0.08758389261744998,0.026510067114093934,0.061744966442953006,0.02147651006711408,0.046064673581452234,0.061409395973154354,0.0610738255033557,0.04545454545454554,0.00033898305084745765,0.12508474576271247
"(140, 150]",0.06655518394648827,0.06120401337792642,0.11739130434782635,0.0,0.08461538461538462,0.056187290969899537,0.10702341137123801,0.00836120401337793,0.03612040133779261,0.08428093645484974,0.04469443599878386,0.03444816053511707,0.0066889632107023445,0.018546670720583754,0.02474916387959864,0.1953177257525093
"(150, 160]",0.08322147651006724,0.0493288590604026,0.1030201342281879,0.0,0.016778523489932883,0.030536912751677827,0.11711409395973202,0.03120805369127515,0.048657718120805264,0.10771812080536947,0.043929225137278934,0.03758389261744961,0.016107382550335565,0.08572300183038442,0.008389261744966446,0.16308724832214846
"(160, 170]",0.03389261744966438,0.10100671140939611,0.0919463087248324,0.0,0.0,0.0275167785234899,0.1949664429530207,0.042953020134228116,0.03523489932885901,0.04295302013422811,0.04667480170835888,0.043959731543624085,0.02248322147651006,0.10738255033557063,0.012080536912751684,0.16744966442953096
"(170, 180]",0.03444816053511699,0.06387959866220737,0.1414715719063546,0.012374581939799336,0.08628762541806025,0.019732441471571893,0.10769230769230827,0.06822742474916392,0.05117056856187281,0.08829431438127087,0.08117968987534212,0.04648829431438121,0.010367892976588631,0.04743083003952577,0.0066889632107023445,0.12441471571906365
"(180, 190]",0.11677852348993309,0.05906040268456373,0.2258389261744969,0.015436241610738253,0.05604026845637577,0.02248322147651004,0.09765100671140985,0.07986577181208057,0.030201342281879182,0.09731543624161106,0.027760829774252583,0.08758389261744987,0.03926174496644289,0.0231848688224527,0.01778523489932886,0.2265100671140941
"(190, 200]",0.08489932885906046,0.04496644295302006,0.18859060402684646,0.025838926174496634,0.014765100671140941,0.022483221476510048,0.06275167785234903,0.03825503355704693,0.07617449664429543,0.08926174496644315,0.022269676632092724,0.060402684563758295,0.08020134228187939,0.03294691885295916,0.06845637583892604,0.17818791946308823
"(200, 210]",0.02274247491638794,0.04013377926421403,0.21270903010033454,0.021070234113712363,0.011371237458193987,0.08494983277591986,0.09498327759197354,0.056521739130434706,0.014715719063545152,0.04147157190635444,0.016722408026755845,0.11337792642140475,0.005351170568561874,0.005168744299179081,0.08260869565217398,0.16454849498327814
"(210, 220]",0.022818791946308696,0.08288590604026853,0.28523489932885865,0.0006711409395973155,0.014765100671140941,0.01946308724832213,0.09261744966442986,0.02651006711409394,0.025838926174496617,0.026510067114093937,0.030811470408785863,0.020469798657718113,0.014765100671140943,0.05216595485051879,0.07483221476510082,0.17483221476510102
"(220, 230]",0.03946488294314372,0.06555183946488301,0.2702341137123749,0.03791946308724827,0.01204013377926422,0.014381270903010036,0.11342281879194696,0.029865771812080503,0.05551839464882933,0.09331103678929785,0.018850714502888406,0.05838926174496634,0.027181208053691244,0.03386211104331911,0.029530201342281827,0.17281879194630947
"(230, 240]",0.024496644295301986,0.02382550335570467,0.3040268456375838,0.005351170568561874,0.012416107382550343,0.030201342281879172,0.09498327759197368,0.06655518394648838,0.062080536912751644,0.05637583892617441,0.05094569859670538,0.023076923076923068,0.024080267558528413,0.09030100334448177,0.008695652173913047,0.22842809364548466
"(240, 250]",0.06644295302013417,0.09026845637583907,0.26208053691275235,0.0010067114093959733,0.007046979865771812,0.11375838926174509,0.0630872483221476,0.0369127516778523,0.08288590604026856,0.09664429530201343,0.058877364246491884,0.0369127516778523,0.022147651006711403,0.0607087827426812,0.05302013422818779,0.18758389261745065
"(250, 260]",0.04782608695652164,0.1123745819397994,0.3906354515050171,0.016387959866220738,0.0,0.026421404682274233,0.065551839464883,0.08160535117056887,0.031772575250836065,0.1110367892976592,0.043478260869565286,0.0237458193979933,0.014715719063545152,0.009121313469139558,0.21404682274247464,0.13277591973244168
"(260, 270]",0.020134228187919448,0.04697986577181197,0.25637583892617505,0.024161073825503334,0.02013422818791945,0.111073825503356,0.08892617449664449,0.19026845637583933,0.04899328859060396,0.1036912751677856,0.05369127516778526,0.006711409395973156,0.028859060402684537,0.01677852348993288,0.2832214765100669,0.06275167785234882
"(270, 280]",0.008053691275167788,0.04563758389261737,0.255704697986577,0.004362416107382551,0.011409395973154369,0.07516778523489932,0.1174496644295306,0.14496644295302058,0.01375838926174497,0.11375838926174535,0.06589383770591832,0.019463087248322145,0.02483221476510065,0.05003050640634545,0.3036912751677848,0.08255033557047
"(280, 290]",0.018729096989966554,0.07458193979933123,0.21839464882943158,0.016387959866220728,0.004013377926421404,0.037458193979933066,0.040468227424749086,0.1357859531772579,0.04080267558528422,0.021070234113712383,0.07692307692307677,0.0525083612040133,0.052173913043478154,0.04712678625722112,0.24481605351170532,0.04448160535117048
"(290, 300]",0.07214765100671136,0.07080536912751677,0.2681208053691277,0.015100671140939598,0.0036912751677852344,0.011744966442953026,0.048322147651006626,0.10369127516778548,0.2573825503355705,0.2758389261744965,0.25137278828554,0.11006711409395975,0.03859060402684559,0.019524100061012798,0.19328859060402723,0.011744966442953026
"(300, 310]",0.4788590604026846,0.12986577181208048,0.4332214765100668,0.37147651006711424,0.01308724832214766,0.010402684563758395,0.34932885906040245,0.11275167785234898,0.5922818791946304,0.7003355704697987,0.5515558267236111,0.3835570469798661,0.2694630872483219,0.1748017083587554,0.1711409395973155,0.16744966442953022
"(310, 320]",0.6953177257525082,0.6595317725752501,0.7575250836120406,0.47257525083611995,0.3678929765886287,0.3444816053511705,0.5959866220735782,0.6926421404682277,0.6170568561872901,0.7317725752508355,0.591365156582546,0.6160535117056853,0.5411371237458198,0.7169352386743668,0.5163879598662209,0.5675585284280938
"(320, 330]",0.6909395973154353,0.8000000000000016,0.7859060402684567,0.5832214765100665,0.709395973154362,0.6520134228187919,0.7345637583892615,0.735570469798657,0.6161073825503347,0.7281879194630877,0.6931055521659532,0.6889261744966454,0.6483221476510052,0.7882855399633899,0.6704697986577165,0.6151006711409386
"(330, 340]",0.6644295302013415,0.7892617449664437,0.7110738255033545,0.670134228187919,0.7006711409395964,0.7348993288590596,0.7211409395973158,0.7885906040268459,0.6785234899328851,0.760402684563759,0.7199511897498444,0.7275167785234908,0.5422818791946312,0.7599145820622302,0.7077181208053682,0.5647651006711399
"(340, 350]",0.6331103678929757,0.7046822742474913,0.5705685618729085,0.7153846153846156,0.7093645484949834,0.7642140468227433,0.6963210702341132,0.7578595317725756,0.7304347826086964,0.7120401337792639,0.6980845241714784,0.726086956521739,0.4284280936454858,0.7178473700212805,0.7247491638795984,0.4996655518394649
"(350, 360]",0.6124161073825499,0.692953020134228,0.6023489932885892,0.5755033557046974,0.7486577181208061,0.7459731543624157,0.774496644295302,0.7473154362416111,0.6922818791946309,0.731208053691275,0.7321537522879771,0.7758389261744971,0.5520134228187913,0.6995118974984724,0.6483221476510048,0.49295302013422876
"(360, 370]",0.5785234899328853,0.672483221476509,0.5499999999999994,0.6553691275167776,0.6543624161073825,0.7963087248322163,0.7590604026845635,0.7912751677852354,0.6708053691275147,0.7567114093959731,0.7498474679682711,0.6855704697986565,0.522147651006712,0.6909701037217799,0.59496644295302,0.5033557046979867
"(370, 380]",0.6157190635451502,0.5906354515050161,0.552173913043477,0.6478260869565202,0.7531772575250854,0.7220735785953165,0.7892976588628762,0.7715719063545159,0.7588628762541814,0.7287625418060206,0.8257829127394314,0.7665551839464892,0.5889632107023403,0.6287625418060189,0.5311036789297654,0.46555183946488293
"(380, 390]",0.6399328859060405,0.5614093959731539,0.5338926174496648,0.5473154362416109,0.76040268456376,0.7822147651006723,0.7681208053691275,0.8261744966442971,0.701006711409396,0.7496644295302016,0.7727272727272695,0.7869127516778543,0.5530201342281875,0.6128737034777297,0.6489932885906035,0.6026845637583881
"(390, 400]",0.7481605351170578,0.7397993311036788,0.5190635451505025,0.6257525083612034,0.7327759197324409,0.7668896321070239,0.7120401337792628,0.7792642140468236,0.6976588628762554,0.7170568561872905,0.8330799635147431,0.8347826086956543,0.6678929765886275,0.6269382791121908,0.6625418060200675,0.6290969899665548
"(400, 410]",0.6318791946308719,0.7117449664429528,0.6697986577181203,0.6848993288590596,0.753020134228187,0.7315436241610733,0.7852348993288596,0.8305369127516797,0.7624161073825491,0.7332214765100655,0.8288590604026824,0.7895973154362435,0.6718120805369133,0.6955460646735784,0.5986577181208039,0.673154362416107
"(410, 420]",0.6513422818791927,0.7107382550335563,0.6328859060402682,0.6315436241610721,0.7671140939597326,0.7906040268456384,0.7533557046979871,0.7781879194630876,0.7234899328859058,0.7167785234899315,0.8227577791336161,0.7942953020134237,0.6453020134228176,0.6790726052470998,0.6674496644295296,0.6473154362416089
"(420, 430]",0.6565217391304338,0.6903010033444803,0.622742474916388,0.6311036789297645,0.7819397993311042,0.7698996655518404,0.8020066889632121,0.774916387959867,0.6899665551839462,0.6956521739130437,0.7376102158710824,0.7819397993311047,0.6290969899665546,0.6634235329887481,0.7779264214046836,0.7040133779264213
"(430, 440]",0.6627516778523488,0.6312080536912758,0.6063758389261741,0.6936241610738253,0.7540268456375842,0.7147651006711401,0.8369127516778536,0.7932885906040278,0.763422818791948,0.6973154362416109,0.7599145820622307,0.7610738255033559,0.7013422818791953,0.6888346552776056,0.7167785234899327,0.7409395973154349
"(440, 450]",0.7234899328859068,0.7463087248322143,0.526845637583892,0.6758389261744964,0.7560402684563771,0.7996644295302032,0.8104026845637602,0.8191275167785238,0.8164429530201365,0.7295302013422823,0.8279438682123221,0.7503355704697993,0.736577181208054,0.6201952410006084,0.7291946308724838,0.7664429530201334
"(450, 460]",0.657190635451504,0.6635451505016724,0.5729096989966546,0.6725752508361196,0.8177257525083624,0.7153846153846152,0.7662207357859542,0.8053511705685632,0.8127090301003354,0.7287625418060204,0.7768318637883832,0.708026755852843,0.7501672240802685,0.6743691091517151,0.6819397993311027,0.7367892976588645
"(460, 470]",0.6979865771812069,0.7290969899665556,0.6374581939799329,0.6708053691275161,0.843288590604029,0.7701342281879194,0.7879598662207368,0.7394648829431439,0.7500000000000003,0.7516778523489939,0.7739475289810834,0.7575250836120405,0.7687919463087259,0.6629042098840736,0.7083892617449665,0.72751677852349
"(470, 480]",0.7147157190635446,0.7110738255033553,0.5664429530201335,0.6715719063545136,0.746153846153846,0.7036789297658873,0.8201342281879209,0.8016778523489942,0.7530201342281893,0.6523489932885898,0.7658862876254144,0.6962962962962966,0.7744966442953028,0.6802928615009126,0.6479729729729714,0.7422297297297309
"(480, 490]",0.7020134228187904,0.6664429530201337,0.5989932885906043,0.6302013422818785,0.8040268456375849,0.7590604026845644,0.8124161073825521,0.8201342281879218,0.7668896321070237,0.6953177257525106,0.7699816961561899,0.7939799331103689,0.7866220735785955,0.6953481301307369,0.7023411371237457,0.7050167224080276
"(490, 500]",0.7070234113712365,0.7662207357859534,0.5491638795986614,0.7177257525083618,0.8200668896321088,0.779933110367893,0.786622073578597,0.7986622073578593,0.778260869565217,0.702341137123745,0.7850410459106082,0.7402684563758397,0.7614093959731556,0.5466748017083579,0.7546979865771822,0.7741610738255045
"(500, 510]",0.6657718120805369,0.7369127516778521,0.6040268456375828,0.7221476510067105,0.7516778523489921,0.7315436241610743,0.8674496644295325,0.7912751677852351,0.761409395973154,0.7261744966442949,0.7467968273337374,0.7013377926421392,0.8057046979865774,0.6641244661378873,0.7345637583892618,0.7231543624161083
"(510, 520]",0.6963087248322141,0.695637583892617,0.5744966442953019,0.6620805369127515,0.7302013422818795,0.791946308724833,0.8402684563758395,0.8127516778523509,0.657046979865771,0.7040268456375822,0.7910311165344693,0.6932885906040269,0.7635451505016727,0.6430525995743377,0.7775919732441485,0.786622073578596
"(520, 530]",0.7337792642140469,0.6642140468227407,0.5899665551839456,0.6548494983277584,0.8020066889632118,0.8063545150501678,0.8565217391304372,0.772909698996655,0.7267558528428093,0.722408026755853,0.7442991790817852,0.7170568561872913,0.6741610738255026,0.6775472849298342,0.6590604026845635,0.7664429530201341
"(530, 540]",0.7181208053691275,0.7033557046979857,0.48624161073825506,0.6312080536912746,0.801677852348994,0.7704697986577196,0.8043624161073837,0.7932885906040277,0.754026845637583,0.7523489932885907,0.7138499084807776,0.6557046979865767,0.7167224080267542,0.6314826113483812,0.6536912751677846,0.735906040268456
"(540, 550]",0.6600671140939596,0.7030201342281889,0.5305369127516785,0.7077181208053683,0.6771812080536905,0.8026845637583904,0.7268456375838932,0.7573825503355701,0.726845637583892,0.7456375838926179,0.7403904820012183,0.7167785234899329,0.7483221476510071,0.6539981757373052,0.6575250836120393,0.7113712374581933
"(550, 560]",0.6240802675585275,0.6214046822742467,0.4899665551839464,0.6311036789297654,0.7916387959866233,0.7284280936454839,0.8117056856187309,0.8304347826086974,0.6698996655518389,0.7076923076923078,0.7917300091213106,0.7428093645484938,0.6251677852348991,0.611958511287369,0.7489932885906047,0.6755033557046964
"(560, 570]",0.7302013422818793,0.6939597315436243,0.5916107382550331,0.6406040268456363,0.7520134228187928,0.7872483221476516,0.8134228187919473,0.7872483221476522,0.713087248322148,0.6533557046979869,0.761134838316044,0.7093959731543618,0.6809364548494979,0.6436606871389464,0.7307692307692306,0.6752508361204015
"(570, 580]",0.701006711409397,0.6536912751677845,0.5416107382550328,0.6395973154362413,0.7510067114093962,0.7768456375838932,0.8013422818791961,0.7285234899328865,0.6654362416107373,0.6744966442953012,0.7949969493593622,0.7342281879194628,0.6543624161073824,0.6598535692495405,0.6812080536912747,0.7499999999999998
"(580, 590]",0.67123745819398,0.6842809364548487,0.5655518394648823,0.647491638795986,0.7729096989966548,0.7829431438127099,0.8036789297658863,0.7742474916387967,0.6792642140468224,0.6468227424749154,0.7525083612040114,0.6702341137123747,0.6966442953020132,0.6833435021354464,0.6382550335570466,0.6657718120805365
"(590, 600]",0.6275167785234889,0.7184563758389254,0.522818791946309,0.6040268456375831,0.7302013422818796,0.7802013422818799,0.802013422818794,0.7553691275167782,0.6838926174496642,0.7308724832214757,0.6818181818181792,0.7280821917808221,0.7230769230769233,0.6205533596837929,0.7337792642140476,0.8000000000000008
"(600, 610]",0.6026755852842801,0.664214046822742,0.5742474916387955,0.7577181208053699,0.7672240802675591,0.7277591973244141,0.8150501672240814,0.8147651006711436,0.7066889632107022,0.7307692307692304,0.7503800547278779,0.7196666666666666,0.661409395973154,0.651311775472848,0.6563758389261737,0.7859060402684568
"(610, 620]",0.7271812080536914,0.7466442953020133,0.4778523489932885,0.6939799331103673,0.7372483221476511,0.7993288590604042,0.7835570469798667,0.7812709030100338,0.6486577181208043,0.7117449664429528,0.8190970103721755,0.6218120805369134,0.7033557046979859,0.6323978035387414,0.7067114093959723,0.7533557046979857
"(620, 630]",0.7389261744966438,0.6664429530201337,0.5050335570469804,0.6466442953020132,0.7520134228187932,0.7409395973154361,0.7751677852349005,0.7788590604026852,0.6533557046979859,0.6697986577181201,0.7239170225747383,0.6610738255033554,0.6247491638795986,0.6099118273031296,0.6792642140468219,0.7076923076923077
"(630, 640]",0.7217391304347824,0.7093645484949825,0.555183946488294,0.6642140468227425,0.7056856187290962,0.7876254180602019,0.7822742474916388,0.8096989966555196,0.6969899665551836,0.6779264214046812,0.7905138339920919,0.6555183946488284,0.6956375838926171,0.6186699206833421,0.67986577181208,0.7647651006711408
"(640, 650]",0.6828859060402669,0.6308724832214752,0.6087248322147646,0.6453020134228188,0.7083892617449662,0.748322147651007,0.7372483221476511,0.7926174496644304,0.6429530201342272,0.6845637583892609,0.7181208053691254,0.6073825503355708,0.6442953020134221,0.6143990237949949,0.7610738255033568,0.666107382550335
"(650, 660]",0.6402684563758383,0.698993288590603,0.5372483221476508,0.6583892617449667,0.6573825503355698,0.7761744966442954,0.7902684563758396,0.6969798657718124,0.7154362416107378,0.6942953020134224,0.7681513117754694,0.6889261744966438,0.7311036789297667,0.6184250532076603,0.6839464882943133,0.7782608695652196
"(660, 670]",0.7113712374581945,0.6846153846153837,0.5421404682274247,0.6491638795986613,0.6578595317725752,0.6732441471571912,0.7518394648829433,0.7040133779264217,0.6702341137123736,0.701003344481605,0.756156886591667,0.6123745819397981,0.6607382550335558,0.5951799877974369,0.6681208053691263,0.7744966442953038
"(670, 680]",0.6456375838926166,0.6449664429530195,0.537919463087248,0.6100671140939599,0.7657718120805365,0.8184563758389279,0.8234899328859081,0.7640939597315441,0.6234899328859054,0.639261744966442,0.7565588773642441,0.7322147651006714,0.6080536912751672,0.6043319097010376,0.6389261744966439,0.7043624161073813
"(680, 690]",0.6748322147651006,0.6996644295302017,0.6077181208053684,0.6268456375838921,0.8070469798657723,0.7308724832214767,0.811409395973155,0.7174496644295302,0.7208053691275161,0.6771812080536915,0.7013422818791927,0.6265100671140931,0.5926421404682268,0.614776527820005,0.6973244147157185,0.7301003344481614
"(690, 700]",0.6999999999999995,0.6886287625418044,0.5408026755852844,0.6665551839464885,0.7545150501672251,0.7665551839464885,0.7488294314381269,0.6862876254180598,0.6979933110367893,0.7207357859531764,0.7865612648221314,0.6745819397993306,0.6862416107382555,0.46217205613178786,0.727852348993289,0.7942953020134234
"(700, 710]",0.6835570469798646,0.6899328859060396,0.5744966442953019,0.66241610738255,0.6426174496644289,0.6996644295302006,0.7503355704697993,0.7137583892617451,0.6248322147651002,0.5805369127516763,0.7382550335570441,0.6080536912751678,0.6852842809364538,0.6238978412891453,0.7327759197324427,0.7401337792642144
"(710, 720]",0.6838926174496642,0.640604026845637,0.5986577181208056,0.5543624161073828,0.771140939597317,0.7463087248322136,0.7483221476510066,0.6778523489932883,0.6724832214765096,0.6553691275167776,0.7507626601586306,0.6805369127516785,0.6634228187919442,0.6699206833435005,0.7181208053691264,0.7976510067114091
"(720, 730]",0.6822742474916381,0.70334448160535,0.5548494983277593,0.5899665551839459,0.6739130434782599,0.7103678929765879,0.8043478260869575,0.6906354515050163,0.7167224080267555,0.6247491638795991,0.6622073578595284,0.6598662207357852,0.6865771812080537,0.6619033140772244,0.7083892617449659,0.7184563758389257
"(730, 740]",0.6399328859060396,0.6731543624161077,0.5795302013422817,0.5755033557046968,0.7557046979865777,0.7117449664429524,0.7724832214765124,0.6691275167785228,0.648322147651006,0.6436241610738248,0.6793776693105523,0.706711409395973,0.7528428093645482,0.6070774862721157,0.740133779264214,0.7374581939799331
"(740, 750]",0.6681208053691269,0.6466442953020123,0.6503355704697978,0.5513422818791942,0.7682274247491641,0.7173913043478259,0.7449664429530194,0.6869127516778517,0.6506711409395968,0.7090604026845624,0.7199511897498451,0.6023489932885894,0.7261744966442961,0.6046369737644891,0.7221476510067109,0.7251677852348989
"(750, 760]",0.687959866220735,0.6638795986622078,0.6337792642140465,0.6337792642140458,0.7536912751677861,0.7020134228187919,0.7642140468227425,0.6933110367892973,0.6816053511705689,0.7307692307692302,0.7072058376406175,0.6234113712374578,0.6779264214046822,0.61898852001241,0.7170568561872913,0.7441471571906348
"(760, 770]",0.6197986577181201,0.6624161073825494,0.5825503355704699,0.5644295302013412,0.6704697986577172,0.7499999999999997,0.7204697986577183,0.7006711409395964,0.6100671140939595,0.6503355704697974,0.7165954850518585,0.6912751677852348,0.6302013422818786,0.6278218425869415,0.6510067114093946,0.7093959731543629
"(770, 780]",0.5729096989966557,0.6939799331103682,0.6167224080267552,0.6284280936454848,0.6066889632107012,0.7364548494983276,0.7785953177257514,0.6966555183946482,0.6040133779264207,0.6397993311036785,0.7646701124961962,0.6133779264214044,0.7033444816053511,0.5667376102158721,0.6622073578595317,0.6839464882943127
"(780, 790]",0.6714765100671124,0.6674496644295297,0.6657718120805365,0.6164429530201339,0.7197986577181212,0.7489932885906039,0.7211409395973155,0.6607382550335567,0.6845637583892604,0.5993288590604031,0.7089688834655249,0.5402684563758381,0.7060606060606055,0.5753508236729725,0.7235690235690233,0.7319865319865305
"(790, 800]",0.5922818791946303,0.6788590604026847,0.6164429530201339,0.6687919463087242,0.7184563758389263,0.6755033557046967,0.6922818791946298,0.7926174496644307,0.6610738255033553,0.6593959731543606,0.749542403904816,0.6305369127516772,0.669565217391304,0.6037217815741304,0.6846153846153843,0.7096989966555182
"(800, 810]",0.5969899665551834,0.7040133779264208,0.6809364548494983,0.5839464882943142,0.6682274247491631,0.7602006688963214,0.737792642140468,0.6926421404682268,0.6973244147157185,0.6735785953177247,0.7242322894496783,0.6351170568561871,0.6043624161073817,0.5977500760109445,0.7050167224080263,0.6588628762541789
"(810, 820]",0.6325503355704698,0.6708053691275179,0.6295302013422808,0.5791946308724834,0.6916107382550316,0.6929530201342273,0.7070469798657715,0.6865771812080538,0.6489932885906035,0.7060402684563759,0.7422208663819372,0.6077181208053689,0.6471571906354505,0.5530811470408792,0.6909395973154363,0.7244966442953016
"(820, 830]",0.6345637583892615,0.6409395973154359,0.6251677852348991,0.6338926174496632,0.5835570469798649,0.712080536912751,0.8053691275167796,0.6993288590604033,0.6969798657718116,0.6852348993288591,0.6824283099450865,0.6402684563758381,0.5741610738255033,0.6165739022881873,0.6859060402684549,0.596979865771811
"(830, 840]",0.6678929765886293,0.6267558528428094,0.6391304347826078,0.5190635451505021,0.5866220735785946,0.6414715719063542,0.6983277591973235,0.6752508361204009,0.5943143812709029,0.7408026755852841,0.6552143508665241,0.6123745819397988,0.6630872483221479,0.6433566433566414,0.61371237458194,0.690969899665551
"(840, 850]",0.5832214765100663,0.6516778523489924,0.6117449664429516,0.5949664429530193,0.656375838926174,0.6291946308724837,0.765100671140939,0.6570469798657709,0.5936241610738251,0.7046979865771815,0.7138499084807782,0.654362416107382,0.681605351170568,0.5588773642464924,0.6193220338983049,0.7328813559322033
"(850, 860]",0.636241610738255,0.671140939597315,0.559731543624161,0.6510067114093959,0.6117449664429527,0.7090604026845638,0.764765100671141,0.750000000000001,0.6597315436241604,0.6228187919463082,0.6891397193410586,0.5231543624161074,0.5845637583892609,0.5872483221476495,0.6738983050847455,0.686440677966101
"(860, 870]",0.5999999999999994,0.6612040133779263,0.6113712374581932,0.5812709030100331,0.6571906354515042,0.6642140468227422,0.7842809364548499,0.6461538461538452,0.5387959866220735,0.6558528428093637,0.6248099726360589,0.6538461538461523,0.6695652173913027,0.5445424141076302,0.7076923076923073,0.7411371237458193
"(870, 880]",0.6382550335570466,0.6439597315436237,0.6751677852348994,0.5335570469798657,0.6308724832214757,0.7157718120805365,0.7714765100671147,0.5845637583892611,0.6684563758389263,0.6120805369127509,0.6851738865161671,0.5640939597315427,0.6966442953020129,0.45057962172056126,0.6590604026845628,0.6788590604026837
"(880, 890]",0.6137583892617448,0.6385906040268442,0.6755033557046974,0.6302013422818785,0.643288590604026,0.6748322147650997,0.730872483221477,0.6191275167785236,0.6070469798657713,0.6214765100671128,0.6571079926784604,0.6151006711409391,0.5999999999999993,0.5524710189139707,0.6550335570469792,0.6429530201342278
"(890, 900]",0.628428093645485,0.5578595317725749,0.5933110367892981,0.47123745819398033,0.5889632107023404,0.6729096989966555,0.7635451505016734,0.6729096989966565,0.7515050167224082,0.8130434782608709,0.7519002736394005,0.6852842809364555,0.5782608695652173,0.5995743387047726,0.6418060200668889,0.6200668896321063
"(900, 910]",0.6077181208053688,0.5704697986577183,0.5872483221476508,0.6167785234899328,0.6161073825503353,0.7077181208053689,0.6953020134228193,0.5879194630872477,0.6104026845637576,0.7496644295302026,0.5790115924344104,0.7932885906040275,0.6852348993288583,0.5753508236729695,0.6671140939597306,0.7285234899328866
"(910, 920]",0.5695652173913041,0.503010033444815,0.3989966555183952,0.6190635451505014,0.7240802675585295,0.6765886287625417,0.8548494983277615,0.7247491638795999,0.5979933110367883,0.7240802675585288,0.7005168744299154,0.6963210702341136,0.6220735785953171,0.5551839464882949,0.6882943143812705,0.711036789297658
"(920, 930]",0.6436241610738263,0.5805369127516766,0.6315436241610735,0.6546979865771801,0.7248322147651007,0.6241610738255026,0.8161073825503367,0.6963087248322132,0.6295302013422808,0.5875838926174489,0.5967053081147017,0.7016778523489934,0.6346801346801343,0.6137888956680883,0.6651006711409394,0.6295302013422811
"(930, 940]",0.6137583892617443,0.6845637583892608,0.7261744966442949,0.6449664429530187,0.7885906040268471,0.655369127516779,0.8187919463087256,0.6795302013422813,0.6979865771812079,0.678523489932885,0.5311165344722387,0.6644295302013417,0.6163879598662197,0.5451494813910914,0.680872483221475,0.6550335570469793
"(940, 950]",0.6903010033444804,0.5862876254180599,0.682274247491638,0.6896321070234109,0.6963210702341144,0.6702341137123735,0.6973244147157179,0.7608695652173912,0.6411371237458179,0.5217391304347819,0.8038917604134967,0.7254180602006689,0.6020066889632102,0.5910611128002426,0.5214046822742474,0.721070234113712
"(950, 960]",0.5667785234899325,0.6389261744966432,0.7057046979865773,0.5644295302013433,0.6271812080536899,0.7167785234899319,0.6979865771812084,0.5912751677852344,0.5701342281879187,0.6026845637583885,0.805064063453322,0.7161073825503363,0.6114093959731532,0.5829774252593035,0.5986577181208049,0.7140939597315434
"(960, 970]",0.6916107382550329,0.7016778523489926,0.7265100671140937,0.6550335570469794,0.5942953020134217,0.6171140939597316,0.7271812080536918,0.5577181208053695,0.7006711409395969,0.6822147651006701,0.7455765710799249,0.6989932885906033,0.7231543624161081,0.5866381940207442,0.7248322147651014,0.6224832214765081
"(970, 980]",0.682608695652173,0.6645484949832768,0.6518394648829434,0.5622073578595311,0.6983277591973226,0.6153846153846149,0.8347826086956533,0.6795986622073583,0.6648829431438127,0.6521739130434789,0.7409546974764337,0.6969899665551833,0.6779264214046825,0.6615992702949205,0.7193979933110368,0.6963210702341127
"(980, 990]",0.6570469798657707,0.6614093959731534,0.743624161073826,0.6815436241610726,0.7211409395973167,0.6073825503355694,0.7318791946308734,0.7093959731543621,0.5087248322147652,0.6486577181208043,0.7043929225137255,0.6560402684563752,0.7463087248322138,0.4661378889566801,0.6812080536912746,0.6281879194630865
"(990, 1000]",0.6979865771812089,0.6288590604026836,0.7399328859060414,0.6050335570469791,0.7338926174496653,0.5322147651006708,0.7359060402684559,0.6577181208053684,0.6406040268456374,0.7399328859060404,0.6406345332519819,0.6516778523489921,0.7218120805369134,0.5924344112263575,0.6708053691275173,0.5882550335570468
"(1000, 1010]",0.677926421404682,0.5812709030100336,0.7414715719063537,0.5852842809364542,0.6993311036789297,0.669565217391304,0.657190635451503,0.6555183946488291,0.716053511705686,0.5809364548494986,0.7217999391912411,0.6561872909698983,0.6715719063545149,0.4609303739738522,0.721404682274247,0.6093645484949822
"(1010, 1020]",0.736577181208053,0.6791946308724831,0.7483221476510062,0.6916107382550332,0.7848993288590604,0.7664429530201345,0.6258389261744963,0.7835570469798674,0.6828859060402679,0.7050335570469808,0.6799877974374594,0.6976510067114092,0.6607382550335574,0.6125686394142765,0.7023489932885908,0.6577181208053703
"(1020, 1030]",0.6822147651006697,0.638255033557047,0.6983221476510062,0.6939597315436231,0.7161073825503348,0.6489932885906046,0.7818791946308729,0.7392617449664426,0.6382550335570466,0.6399328859060391,0.6403294691885281,0.6214765100671139,0.6489932885906029,0.4810860280658932,0.6275167785234885,0.7661073825503356
"(1030, 1040]",0.6364548494983271,0.6357859531772563,0.7183946488294304,0.6327759197324404,0.6839464882943135,0.7324414715719071,0.7357859531772581,0.6488294314381262,0.6086956521739123,0.6822742474916391,0.6391000304043766,0.6177257525083609,0.5173913043478259,0.5874125874125874,0.6308724832214763,0.6345637583892616
"(1040, 1050]",0.6533557046979859,0.6127516778523494,0.7446308724832217,0.5466442953020132,0.6251677852348996,0.7006711409395971,0.7127516778523488,0.6322147651006704,0.5993288590604021,0.6741610738255018,0.627516778523488,0.652684563758389,0.6869127516778523,0.4758999389871868,0.7163879598662201,0.5986622073578589
"(1050, 1060]",0.712709030100333,0.5862876254180598,0.7531772575250839,0.6856187290969887,0.6916387959866223,0.6270903010033433,0.661204013377927,0.6311036789297652,0.6488294314381268,0.662541806020066,0.5840681058072354,0.6301003344481597,0.6622073578595308,0.578096400244052,0.5637583892617435,0.8033557046979884
"(1060, 1070]",0.5567114093959721,0.6741610738255016,0.751006711409397,0.6708053691275166,0.6976510067114077,0.6661073825503346,0.7499999999999992,0.7607382550335582,0.5741610738255026,0.7067114093959721,0.6540573520439273,0.648657718120805,0.749664429530201,0.5740346609911823,0.737123745819398,0.6806020066889623
"(1070, 1080]",0.5587248322147654,0.6332214765100665,0.6748322147650996,0.6902684563758386,0.779194630872483,0.7171140939597318,0.6785234899328861,0.628859060402683,0.5895973154362407,0.6268456375838922,0.6043319097010351,0.597315436241611,0.6999999999999991,0.500305064063453,0.5647651006711404,0.561073825503355
"(1080, 1090]",0.6769230769230775,0.6036789297658854,0.67324414715719,0.5698996655518384,0.7207357859531779,0.5571906354515049,0.7183946488294316,0.6612040133779271,0.6180602006688952,0.5729096989966552,0.6433566433566413,0.5535117056856182,0.7066889632107017,0.5910611128002424,0.5595238095238081,0.5700680272108839
"(1090, 1100]",0.7476510067114089,0.5939597315436229,0.7483221476510075,0.5986577181208054,0.6929530201342283,0.6020134228187914,0.6862416107382546,0.6426174496644288,0.5510067114093957,0.5667785234899335,0.6778523489932867,0.6520134228187899,0.5161073825503355,0.5750457596095176,0.6545150501672241,0.6438127090301005
"(1100, 1110]",0.6691275167785229,0.5140939597315427,0.6073825503355696,0.6664429530201328,0.6208053691275166,0.5966442953020125,0.6882550335570458,0.6600671140939587,0.6030201342281875,0.5838926174496638,0.7046979865771786,0.5744966442953011,0.6781879194630857,0.522574740695546,0.6788590604026837,0.5932885906040265
"(1110, 1120]",0.6076923076923068,0.6842809364548496,0.7394648829431439,0.6100334448160529,0.7464882943143814,0.727424749163879,0.7491638795986618,0.5294314381270903,0.5541806020066886,0.5953177257525083,0.5697780480389155,0.5816053511705691,0.6227424749163873,0.5299483125570075,0.6036789297658864,0.6060200668896317
"(1120, 1130]",0.6848993288590601,0.730872483221476,0.6697986577181203,0.5536912751677853,0.5399328859060416,0.7496644295302024,0.5496644295302013,0.6369127516778514,0.6224832214765098,0.6375838926174494,0.6262965222696749,0.6627516778523483,0.6244966442953017,0.4338010982306279,0.6043624161073812,0.7557046979865782
"(1130, 1140]",0.5912751677852346,0.7016778523489927,0.5315436241610744,0.4469798657718126,0.6060402684563745,0.6409395973154358,0.657718120805368,0.6184563758389252,0.6416107382550329,0.6291946308724824,0.5991458206223301,0.7154362416107383,0.6278523489932868,0.485967053081147,0.5835570469798655,0.6996644295302014
"(1140, 1150]",0.6628762541806,0.696655518394649,0.6889632107023419,0.6558528428093636,0.7056856187290963,0.6889632107023417,0.6494983277591975,0.6956521739130425,0.5020066889632112,0.5227424749163875,0.7306172088780754,0.587290969899665,0.6408026755852833,0.47187595013681943,0.7033444816053516,0.6210702341137129
"(1150, 1160]",0.6567114093959727,0.6839464882943119,0.7996655518394661,0.592307692307692,0.7331103678929762,0.5682274247491631,0.639130434782609,0.6010033444816054,0.5073578595317719,0.6464882943143818,0.585723001830383,0.6298657718120803,0.5936241610738244,0.4816961561928012,0.7151006711409398,0.5862416107382556
"(1160, 1170]",0.5354515050167228,0.6291946308724818,0.7667785234899337,0.5050335570469799,0.608389261744965,0.7154362416107385,0.6691275167785226,0.6647651006711414,0.620134228187919,0.6359060402684557,0.47704469443599873,0.5946488294314377,0.6667785234899319,0.6662599145820598,0.6771812080536902,0.5369127516778517
"(1170, 1180]",0.6640939597315428,0.6161073825503341,0.6053691275167776,0.5375838926174498,0.6231543624161068,0.6738255033557035,0.5275167785234897,0.6308724832214763,0.4728187919463097,0.6526845637583891,0.5799267846247694,0.5808724832214754,0.43678929765886326,0.5898449376710255,0.6879598662207368,0.5100334448160535
"(1180, 1190]",0.6270903010033443,0.5772575250836104,0.6468227424749166,0.5163879598662203,0.6775167785234896,0.6872483221476507,0.6448160535117053,0.6916387959866227,0.4267558528428096,0.588294314381271,0.6190331407722698,0.680602006688962,0.5976510067114086,0.5576571079926794,0.651342281879195,0.5305369127516782
