,,0.0,10.0,20.0,30.0,40.0,50.0,60.0,70.0,80.0,90.0,100.0,110.0,120.0,130.0,140.0,150.0,160.0,170.0,180.0,190.0,200.0,210.0,220.0,230.0,240.0,250.0,260.0,270.0,280.0,290.0,300.0,310.0,320.0,330.0,340.0,350.0,360.0,370.0,380.0,390.0,400.0,410.0,420.0,430.0,440.0,450.0,460.0,470.0,480.0,490.0,500.0,510.0,520.0,530.0,540.0,550.0,560.0,570.0,580.0,590.0,600.0,610.0,620.0,630.0,640.0,650.0,660.0,670.0,680.0,690.0,700.0,710.0,720.0,730.0,740.0,750.0,760.0,770.0,780.0,790.0,800.0,810.0,820.0,830.0,840.0,850.0,860.0,870.0,880.0,890.0,900.0,910.0,920.0,930.0,940.0,950.0,960.0,970.0,980.0,990.0,1000.0,1010.0,1020.0,1030.0,1040.0,1050.0,1060.0,1070.0,1080.0,1090.0,1100.0,1110.0,1120.0,1130.0,1140.0,1150.0,1160.0,1170.0,1180.0
yw.58B,1.0,0.10206896551724162,0.08361204013377924,0.2459731543624157,0.18026755852842866,0.1832214765100677,0.1114093959731546,0.1301003344481609,0.15906040268456406,0.21241610738255048,0.09698996655518408,0.15335570469798676,0.2107382550335575,0.10267558528428104,0.12885906040268486,0.13959731543624196,0.04314381270903004,0.09597315436241616,0.12943143812709088,0.1473154362416112,0.1677852348993294,0.16923076923076955,0.12013422818791965,0.18590604026845686,0.20000000000000054,0.1516778523489937,0.2476510067114093,0.17725752508361234,0.26107382550335617,0.20503355704698012,0.3207357859531769,0.74261744966443,0.8157190635451517,0.7761744966442947,0.7751677852348995,0.7872909698996658,0.845973154362419,0.7842281879194635,0.7698996655518412,0.810402684563758,0.7862416107382559,0.8076923076923093,0.7973154362416124,0.8281879194630878,0.8103678929765896,0.7459731543624157,0.772240802675585,0.8104026845637591,0.8123745819398008,0.7875838926174499,0.7768456375838939,0.8066889632107028,0.8114093959731556,0.8144295302013435,0.794648829431439,0.7154362416107383,0.7453020134228188,0.7993311036789307,0.8181208053691296,0.7926421404682267,0.8580536912751694,0.7640939597315446,0.7080267558528429,0.8295302013422828,0.7530201342281874,0.8170568561872912,0.8406040268456392,0.8285234899328877,0.8344481605351189,0.7406040268456365,0.7903010033444827,0.7704697986577184,0.7929530201342276,0.7535117056856182,0.7442953020134218,0.826510067114096,0.7588628762541806,0.7187919463087252,0.8013422818791958,0.7819397993311039,0.8063758389261759,0.7369127516778529,0.7812709030100355,0.8432885906040283,0.7595317725752503,0.8053691275167794,0.8271812080536927,0.8244147157190643,0.7815436241610755,0.7251677852348982,0.7836120401337793,0.8127516778523494,0.7691275167785239,0.7113712374581935,0.7392617449664424,0.7439597315436246,0.7287625418060192,0.6781879194630849,0.7362416107382549,0.7237458193979918,0.7248322147651006,0.732107023411372,0.7496644295302014,0.7204697986577177,0.7130434782608691,0.6617449664429526,0.7130872483221466,0.6541806020066884,0.681879194630872,0.7335570469798671,0.709030100334448,0.6966442953020128,0.6221476510067108,0.6832775919732431,0.6399328859060404,0.6628762541806018,0.5828859060402677,0.6815436241610741,0.7170568561872905,0.7580536912751679
yw.58B,1.0,0.12241379310344848,0.11672240802675625,0.049328859060402575,0.048494983277591885,0.12583892617449713,0.13657718120805384,0.10702341137123762,0.20939597315436226,0.11912751677852387,0.1391304347826086,0.2906040268456376,0.3060402684563758,0.2608695652173913,0.12046979865771837,0.0865771812080539,0.0722408026755853,0.09093959731543644,0.0692307692307693,0.0859060402684564,0.15000000000000088,0.14147157190635487,0.20671140939597304,0.2043624161073825,0.16588628762541852,0.237919463087248,0.29765100671140904,0.3441471571906352,0.2432885906040266,0.1842281879194636,0.2558528428093645,0.69765100671141,0.8003344481605359,0.7909395973154373,0.7590604026845638,0.7200668896321075,0.6979865771812072,0.566442953020134,0.7615384615384632,0.8281879194630889,0.7389261744966449,0.7775919732441473,0.8063758389261758,0.8184563758389274,0.7879598662207374,0.8298657718120821,0.8755033557046993,0.8003344481605362,0.8208053691275176,0.7892976588628768,0.7865771812080538,0.8264214046822751,0.8134228187919473,0.7963087248322158,0.8458193979933122,0.853355704697989,0.7983277591973255,0.8208053691275177,0.8244966442953042,0.7899665551839478,0.8177852348993307,0.8140939597315441,0.7899665551839469,0.8765100671140951,0.8466442953020149,0.8394648829431455,0.8265100671140949,0.8063758389261764,0.8274247491638804,0.8338926174496654,0.8080267558528443,0.7822147651006727,0.8446308724832222,0.7585284280936461,0.7852348993288584,0.8375838926174517,0.8237458193979941,0.8080536912751679,0.7516778523489922,0.7856187290969919,0.7848993288590612,0.7919463087248331,0.8361204013377938,0.8023489932885899,0.7486577181208037,0.7565217391304365,0.8026845637583907,0.7765886287625416,0.7788590604026843,0.7724832214765103,0.7314381270903001,0.7077181208053676,0.7953020134228209,0.856856187290971,0.8577181208053712,0.7362416107382551,0.7488294314381265,0.7184563758389255,0.8268456375838943,0.7732441471571913,0.7832214765100664,0.7374581939799341,0.7161073825503357,0.8040268456375845,0.7775919732441473,0.7030201342281872,0.6335570469798641,0.8163879598662211,0.7275167785234891,0.7795302013422833,0.5274247491638799,0.5657718120805368,0.6815436241610746,0.6444816053511698,0.7305369127516771,0.6424749163879593,0.6214765100671137,0.5953177257525074,0.7033557046979864,0.6328859060402683
yw.58B,1.0,0.1368965517241382,0.10635451505016756,0.09295302013422824,0.06454849498327757,0.1550335570469801,0.2120805369127519,0.22842809364548497,0.1265100671140941,0.18590604026845625,0.16856187290969946,0.13322147651006744,0.15201342281879238,0.15384615384615408,0.2083892617449669,0.12046979865771827,0.1605351170568564,0.1848993288590608,0.1719063545150503,0.09865771812080533,0.09899328859060412,0.10836120401337802,0.13288590604026868,0.14731543624161111,0.2836120401337791,0.15201342281879232,0.12583892617449682,0.09899665551839484,0.1302013422818794,0.0885906040268458,0.1377926421404683,0.590939597315436,0.7204697986577179,0.7280936454849499,0.8174496644295319,0.8491638795986626,0.8379194630872498,0.8818791946308737,0.8555183946488312,0.8365771812080556,0.8067114093959745,0.8424749163879622,0.8030201342281892,0.8046979865771807,0.8247491638795997,0.8171140939597323,0.7993288590604035,0.8411371237458211,0.8254180602006705,0.8812080536912777,0.8630872483221496,0.8775167785234922,0.8595317725752535,0.8708053691275189,0.8324414715719072,0.8587248322147678,0.8571906354515071,0.8570469798657732,0.8530201342281895,0.8471571906354536,0.8473154362416127,0.8184563758389279,0.8725752508361219,0.8318791946308743,0.8171140939597326,0.8414715719063559,0.8402684563758404,0.8046979865771828,0.8043478260869584,0.8369127516778546,0.8449664429530218,0.8210702341137132,0.8261744966442965,0.7842809364548502,0.8204697986577192,0.8325503355704716,0.7795986622073584,0.7560402684563752,0.7761744966442947,0.7585284280936453,0.7721476510067122,0.8130872483221494,0.7966555183946491,0.7597315436241617,0.738590604026845,0.6996655518394652,0.7630872483221487,0.7889632107023425,0.8134228187919479,0.8147651006711422,0.7906354515050187,0.7526845637583879,0.8714765100671158,0.8451505016722427,0.859395973154365,0.8697986577181225,0.8026755852842815,0.7979865771812086,0.7761744966442959,0.8000000000000009,0.7550335570469794,0.8531772575250858,0.8654362416107397,0.7607382550335582,0.7655518394648819,0.861744966442955,0.7842281879194642,0.7561872909698999,0.8120805369127525,0.7204697986577172,0.8157190635451513,0.7936241610738265,0.7520134228187911,0.8347826086956549,0.8100671140939613,0.7959866220735787,0.7768456375838929,0.7892976588628772,0.8053691275167784,0.7446308724832222
yw.58B,1.0,0.1465517241379317,0.14682274247491647,0.15939597315436282,0.03277591973244142,0.02382550335570466,0.04932885906040264,0.07658862876254201,0.06006711409395974,0.03355704697986573,0.012709030100334454,0.1204697986577185,0.08691275167785259,0.033444816053511656,0.1030201342281881,0.12617449664429542,0.06555183946488298,0.009395973154362422,0.033110367892976535,0.0392617449664429,0.02046979865771812,0.051170568561872826,0.07248322147651019,0.09966442953020138,0.0876254180602007,0.05604026845637576,0.05134228187919455,0.03545150501672236,0.07013422818791944,0.01107382550335571,0.02006688963210701,0.5171140939597311,0.7348993288590601,0.7565217391304351,0.6728187919463082,0.7779264214046832,0.8181208053691292,0.7902684563758395,0.8227424749163894,0.8369127516778541,0.8154362416107391,0.8284280936454863,0.8691275167785258,0.874161073825506,0.8103678929765901,0.822147651006713,0.8966442953020163,0.9080267558528448,0.8438127090301024,0.8439597315436271,0.8708053691275193,0.8318791946308729,0.8742474916387983,0.8647651006711428,0.8424749163879611,0.8500000000000019,0.8464882943143824,0.8181208053691287,0.8449664429530207,0.8193979933110382,0.8177852348993301,0.7657718120805368,0.8301003344481626,0.7862416107382554,0.8335570469798671,0.7769230769230776,0.7815436241610746,0.7812080536912765,0.7678929765886295,0.7771812080536916,0.7942953020134236,0.711705685618729,0.7402684563758392,0.7374581939799337,0.8003355704697998,0.7768456375838939,0.7909698996655526,0.745637583892617,0.7966442953020154,0.7799331103678946,0.7453020134228192,0.766442953020134,0.8107023411371239,0.688926174496644,0.6845637583892618,0.6909698996655511,0.7419463087248324,0.6481605351170562,0.6439597315436244,0.7412751677852355,0.6765886287625412,0.7536912751677858,0.8003355704697992,0.8287625418060218,0.7771812080536912,0.7701342281879209,0.7591973244147151,0.7429530201342275,0.7399328859060398,0.6722408026755861,0.746308724832215,0.6628762541806019,0.6164429530201341,0.731879194630872,0.6578595317725747,0.7057046979865768,0.5607382550335566,0.6722408026755855,0.6271812080536914,0.6389261744966445,0.6056856187290961,0.5979865771812075,0.5845637583892621,0.7210702341137126,0.5476510067114088,0.506354515050167,0.5610738255033554,0.6364548494983271,0.4942953020134233,0.6795302013422817
yw.58B,1.0,0.0050335570469798654,0.08179530201342282,0.07340604026845637,0.1254180602006689,0.007550335570469798,0.030620805369127518,0.015050167224080268,0.05201342281879195,0.027684563758389263,0.02048494983277592,0.004614093959731544,0.07107023411371237,0.02936241610738255,0.031879194630872486,0.017140468227424748,0.07088926174496643,0.09312080536912752,0.07357859531772576,0.01635906040268456,0.037751677852348994,0.010033444816053512,0.02097315436241611,0.04236577181208054,0.06145484949832776,0.12332214765100673,0.05142140468227425,0.05578859060402685,0.05327181208053691,0.1500836120401338,0.14135906040268456,0.6098993288590604,0.6279264214046822,0.7323825503355704,0.6950503355704698,0.7261705685618729,0.7713926174496645,0.7445469798657718,0.6622073578595318,0.6539429530201343,0.7458193979933109,0.6740771812080537,0.7186454849498328,0.7491610738255033,0.7302852348993288,0.7052675585284279,0.7458053691275168,0.7885906040268457,0.7663043478260869,0.799496644295302,0.6705685618729097,0.8288590604026845,0.7827181208053692,0.8156354515050167,0.7751677852348994,0.7546140939597316,0.790133779264214,0.7340604026845637,0.7495805369127517,0.7144648829431438,0.6984060402684564,0.7076342281879194,0.7211538461538461,0.6547818791946308,0.7232441471571907,0.7604865771812079,0.6996644295302014,0.7324414715719063,0.81501677852349,0.7806208053691275,0.6446488294314381,0.7411912751677853,0.6879194630872483,0.6764214046822743,0.7072147651006712,0.6128355704697986,0.7470735785953178,0.7000838926174496,0.6216555183946488,0.639261744966443,0.5700503355704698,0.6726588628762542,0.6547818791946308,0.7491610738255033,0.7663043478260869,0.7067953020134228,0.5725671140939598,0.6325250836120402,0.6833053691275168,0.652265100671141,0.617056856187291,0.7651006711409396,0.7198996655518395,0.7239932885906041,0.8032718120805369,0.7545986622073578,0.7831375838926175,0.6933724832214765,0.7236622073578596,0.7265100671140939,0.7315436241610739,0.6617892976588629,0.6505872483221476,0.6948160535117057,0.6023489932885906,0.7508361204013378,0.6216329966329966,0.6663879598662207,0.5961538461538461,0.6912751677852349,0.638003355704698,0.7165551839464883,0.6174496644295302,0.6589765100671141,0.6768394648829431,0.7260906040268457,0.7625418060200669,0.6673657718120806,0.5184563758389261,0.6174749163879598
yw.58B,1.0,0.23974645786726406,0.08612975391498864,0.011558538404175991,0.07580824972129302,0.1073825503355702,0.05219985085756888,0.07989594946116667,0.024981357196122274,0.02759134973900071,0.0561129691564473,0.026099925428784452,0.04013377926421398,0.09656972408650236,0.13273676360924694,0.11408398364920096,0.0879940343027589,0.1875466070096945,0.13823857302118175,0.10439970171513767,0.09656972408650236,0.1690821256038649,0.23266219239373664,0.20320656226696512,0.14344109996283924,0.11968680089485464,0.1456707543664066,0.1148396718866516,0.11633109619686792,0.1545893719806765,0.07009694258016393,0.03243847874720353,0.3771832032701595,0.7915734526472755,0.8143176733780736,0.7785209959122976,0.8363161819537628,0.7792692020879917,0.7053140096618329,0.8053691275167748,0.7562244518766222,0.7807606263982075,0.7759197324414677,0.7874720357941802,0.7695749440715847,0.6759880686055163,0.8056484578223678,0.7837434750186397,0.7421033073206953,0.7703206562266931,0.7179487179487152,0.7781506338553292,0.7960477255779246,0.7365291713117766,0.7143922445935833,0.738255033557045,0.7179487179487161,0.765846383296044,0.8031319910514508,0.7788926049795586,0.7677106636838166,0.7363907531692736,0.7766629505759916,0.7882177479492887,0.6949089557785173,0.7423564504101384,0.6931394481730039,0.7153474544778867,0.8090976882923157,0.7587621178225167,0.6934225195094741,0.6860551826994759,0.7513049962714369,0.7580824972129289,0.7595078299776259,0.7736763609246803,0.7068004459308773,0.7196122296793405,0.7670011148271979,0.7445935868754637,0.7516778523489897,0.7844667409884767,0.7636092468307211,0.7184936614466786,0.6291341508732796,0.601789709172259,0.7106636838180437,0.6733556298773672,0.6782252050708388,0.6118568232662168,0.6413972500929005,0.5749440715883661,0.5533259011519872,0.5529455630126761,0.5659955257270682,0.5120772946859897,0.5790454884414608,0.5454884414615953,0.5789669267930126,0.5223713646532434,0.6413124533929884,0.5737643998513563,0.715347454477886,0.6733780760626374,0.6163310961968659,0.6053511705685599,0.6677852348993268,0.7013422818791926,0.5997770345596418,0.6372110365398941,0.5533184190902303,0.6328502415458921,0.6446681580909742,0.6998508575689755,0.5986622073578588,0.6882923191647999,0.5577852099591248,0.5894854586129743,0.7087994034302739,0.6057227796358221
yw.58B,1.0,0.1379194630872487,0.11073825503355726,0.10000000000000044,0.10903010033444836,0.1546979865771819,0.16073825503355746,0.1290969899665554,0.17114093959731536,0.16622073578595364,0.06677852348993286,0.059395973154362326,0.10167224080267563,0.07483221476510077,0.127852348993289,0.05986622073578592,0.04798657718120794,0.0969798657718122,0.014715719063545154,0.10335570469798663,0.10973154362416143,0.09966555183946488,0.07416107382550334,0.052348993288590495,0.07759197324414728,0.08624161073825504,0.06822742474916396,0.09932885906040267,0.1469798657718124,0.10234113712374604,0.3647651006711409,0.7677852348993311,0.8167224080267577,0.8305369127516804,0.8583892617449672,0.8602006688963235,0.8563758389261759,0.8573825503355726,0.8702341137123759,0.8697986577181229,0.8565217391304364,0.8848993288590623,0.8695652173913068,0.8513422818791964,0.8389261744966453,0.8555183946488314,0.8895973154362434,0.7826086956521748,0.8090604026845649,0.8610738255033573,0.8515050167224089,0.7624161073825515,0.871476510067116,0.8371237458193996,0.8234899328859074,0.8580536912751694,0.8080267558528434,0.7718120805369136,0.8721476510067127,0.8478260869565234,0.8050335570469817,0.8496644295302032,0.8364548494983296,0.8708053691275188,0.8337792642140476,0.8466442953020148,0.8063758389261754,0.8264214046822755,0.8271812080536933,0.8174496644295314,0.7558528428093652,0.7865771812080549,0.8604026845637595,0.8662207357859559,0.8208053691275164,0.8080536912751695,0.8662207357859555,0.8305369127516796,0.8739130434782634,0.8563758389261759,0.8137583892617454,0.8451505016722427,0.7281879194630881,0.8335570469798671,0.8591973244147177,0.7298657718120809,0.8120805369127537,0.7066889632107011,0.7640939597315449,0.8395973154362437,0.7869565217391303,0.8385906040268482,0.8010033444816069,0.8342281879194648,0.8261744966442974,0.7381270903010029,0.7204697986577193,0.8036912751677859,0.7458193979933122,0.8006711409395987,0.7778523489932875,0.7939799331103695,0.7348993288590605,0.7886287625418072,0.8060402684563772,0.8010033444816076,0.788255033557047,0.7432885906040263,0.7381270903010025,0.7439597315436246,0.7677852348993305,0.6926421404682251,0.6963087248322132,0.7869127516778521,0.6715719063545144,0.7322147651006713,0.7618729096989971,0.6597315436241604,0.7550335570469787,0.8080267558528443
yw.58B,1.0,0.2553691275167788,0.3949664429530201,0.1815436241610744,0.3237458193979931,0.1832214765100676,0.14295302013422864,0.1240802675585288,0.06577181208053688,0.05250836120401326,0.022818791946308703,0.1500000000000004,0.07792642140468241,0.048657718120805264,0.11006711409396018,0.10167224080267563,0.201677852348994,0.058053691275167685,0.025752508361204005,0.1308724832214769,0.0956375838926177,0.06354515050167224,0.03657718120805365,0.10268456375838944,0.124749163879599,0.08791946308724838,0.1956521739130435,0.2563758389261744,0.1097315436241612,0.10735785953177288,0.3778523489932884,0.8325503355704715,0.7969899665551845,0.8177852348993303,0.8369127516778536,0.8086956521739143,0.8714765100671164,0.7332214765100658,0.8264214046822755,0.7919463087248327,0.7889632107023421,0.8500000000000016,0.7561872909699004,0.8385906040268475,0.8308724832214776,0.7989966555183948,0.7476510067114087,0.8411371237458217,0.8107382550335585,0.7902684563758383,0.7494983277591974,0.7845637583892623,0.7546979865771822,0.7070234113712374,0.7439597315436244,0.8261744966442971,0.7762541806020066,0.7362416107382547,0.7842281879194628,0.7207357859531757,0.7087248322147638,0.7563758389261747,0.7949832775919737,0.8255033557046989,0.7451505016722412,0.7889261744966437,0.7711409395973159,0.7585284280936465,0.7751677852348998,0.7550335570469792,0.8063545150501679,0.7983221476510088,0.7369127516778521,0.7742474916387966,0.771812080536913,0.7432885906040263,0.8000000000000016,0.8077181208053705,0.7678929765886296,0.7936241610738269,0.7577181208053695,0.8083612040133796,0.8080536912751679,0.7479865771812091,0.7973244147157202,0.8171140939597328,0.7268456375838919,0.7953177257525089,0.7228187919463082,0.7355704697986579,0.680936454849499,0.7493288590604034,0.7541806020066891,0.8218120805369143,0.7194630872483216,0.7167224080267554,0.7751677852349006,0.7701342281879209,0.7989966555183959,0.8194630872483244,0.7348993288590601,0.731772575250835,0.7463087248322148,0.7511705685618734,0.7130872483221474,0.7882943143812712,0.7818791946308731,0.7506711409395966,0.7856187290969918,0.6812080536912745,0.8130872483221491,0.7404682274247502,0.7785234899328859,0.7187919463087253,0.7113712374581939,0.7221476510067115,0.6715719063545139,0.8151006711409409,0.7872483221476515,0.7521739130434784
yw.shi58B,2.0,0.08517241379310346,0.10033444816053533,0.07852348993288606,0.09431438127090323,0.1355704697986581,0.07550335570469817,0.12207357859531807,0.11208053691275148,0.08120805369127533,0.10836120401337812,0.04060402684563752,0.12550335570469806,0.10100334448160543,0.09765100671140953,0.2644295302013419,0.23177257525083575,0.12181208053691304,0.14247491638796048,0.12483221476510108,0.14630872483221516,0.1896321070234117,0.13322147651006788,0.18322147651006754,0.21070234113712413,0.17953020134228204,0.187919463087248,0.20802675585284375,0.1838926174496651,0.13657718120805362,0.2488294314381276,0.7429530201342289,0.7143812709030113,0.7768456375838931,0.7362416107382557,0.6849498327759186,0.8117449664429546,0.7493288590604033,0.6571906354515045,0.7496644295302018,0.7496644295302008,0.6846153846153826,0.807046979865773,0.812416107382552,0.7344481605351162,0.7684563758389266,0.7404682274247496,0.736577181208055,0.7899665551839472,0.7818791946308729,0.8023489932885923,0.7886287625418059,0.8030201342281901,0.8134228187919486,0.8167224080267572,0.8359060402684584,0.8208053691275179,0.8829431438127109,0.8268456375838938,0.8301003344481618,0.7741610738255035,0.8352348993288605,0.8127090301003359,0.7832214765100671,0.7593959731543612,0.7772575250836133,0.7429530201342283,0.79026845637584,0.7515050167224091,0.7704697986577181,0.7264214046822742,0.7352348993288589,0.7130872483221475,0.6802675585284284,0.7506711409395971,0.7436241610738258,0.7525083612040147,0.766442953020135,0.7442953020134236,0.7428093645484947,0.7637583892617453,0.7114093959731536,0.663879598662207,0.7281879194630878,0.74247491638796,0.7171140939597306,0.7355704697986584,0.6969899665551841,0.6818791946308709,0.7392617449664418,0.7016722408026748,0.7634228187919475,0.811073825503357,0.7471571906354509,0.7701342281879201,0.7634228187919464,0.7501672240802671,0.6469798657718108,0.746644295302013,0.6993311036789309,0.7040268456375826,0.6749163879598665,0.7288590604026851,0.6798657718120803,0.7371237458193978,0.7208053691275166,0.6818791946308722,0.6384615384615385,0.6221476510067111,0.6912751677852349,0.7016722408026764,0.5966442953020126,0.6436241610738245,0.663879598662207,0.7342281879194633,0.5826086956521741,0.658389261744966,0.586241610738255,0.5334448160535111,0.5305369127516771
yw.shi58B,2.0,0.07068965517241367,0.1889632107023411,0.10436241610738266,0.16521739130434826,0.19865771812080607,0.1697986577181212,0.1989966555183943,0.3684563758389259,0.2845637583892613,0.1836120401337798,0.20436241610738312,0.2550335570469799,0.17759197324414736,0.1815436241610744,0.2550335570469798,0.3294314381270903,0.2080536912751678,0.2906354515050168,0.17718120805369175,0.25738255033557056,0.2802675585284272,0.214093959731544,0.20939597315436287,0.14180602006689,0.16845637583892625,0.177852348993289,0.19063545150501726,0.17248322147651066,0.3147651006711407,0.33177257525083553,0.7503355704698006,0.7729096989966552,0.7184563758389257,0.7442953020134234,0.7889632107023418,0.6567114093959713,0.6865771812080521,0.6769230769230756,0.6617449664429512,0.7573825503355706,0.7993311036789305,0.7305369127516778,0.6382550335570458,0.6939799331103683,0.6959731543624144,0.7583892617449666,0.7367892976588628,0.6956375838926159,0.7214046822742467,0.7731543624161074,0.7301003344481608,0.7969798657718131,0.7577181208053697,0.7846153846153854,0.7963087248322157,0.7558528428093647,0.746644295302014,0.7812080536912752,0.7344481605351177,0.7432885906040271,0.7624161073825501,0.7133779264214044,0.7453020134228185,0.7167785234899328,0.7458193979933119,0.7530201342281885,0.7473154362416112,0.6521739130434765,0.7332214765100672,0.7471571906354519,0.7375838926174492,0.7573825503355703,0.7872909698996676,0.7557046979865781,0.7620805369127509,0.7772575250836121,0.7429530201342276,0.7983221476510077,0.7224080267558527,0.7355704697986568,0.7802013422818801,0.736120401337792,0.6419463087248315,0.7751677852348994,0.7217391304347832,0.7654362416107383,0.7622073578595333,0.7798657718120805,0.7412751677852342,0.7986622073578603,0.8204697986577205,0.8231543624161078,0.7324414715719061,0.7738255033557047,0.730201342281879,0.7080267558528414,0.7355704697986586,0.6953020134228175,0.7033444816053499,0.7446308724832215,0.6969899665551835,0.72986577181208,0.6822147651006717,0.7408026755852851,0.7523489932885915,0.579194630872482,0.5682274247491628,0.6614093959731533,0.5969798657718111,0.6006688963210696,0.7030201342281879,0.7298657718120807,0.6093645484949833,0.6812080536912744,0.6086956521739119,0.4724832214765097,0.4933110367892972,0.5355704697986577,0.647651006711409
yw.shi58B,2.0,0.10793103448275884,0.060535117056856165,0.1285234899328864,0.19565217391304365,0.1536912751677857,0.15369127516778533,0.08361204013377932,0.1694630872483225,0.14328859060402746,0.12642140468227445,0.06140939597315441,0.11006711409395993,0.15016722408026806,0.17583892617449665,0.18758389261745012,0.14782608695652227,0.13758389261745005,0.13645484949832812,0.07953020134228192,0.18590604026845647,0.0806020066889631,0.17449664429530268,0.17550335570469794,0.08227424749163907,0.0721476510067115,0.15302013422818825,0.1719063545150508,0.114093959731544,0.16510067114093996,0.28327759197324404,0.7164429530201348,0.8083612040133783,0.8197986577181219,0.7208053691275175,0.7244147157190631,0.733892617449664,0.784899328859062,0.7715719063545152,0.70234899328859,0.8389261744966464,0.8063545150501683,0.7647651006711403,0.7855704697986577,0.8096989966555197,0.8533557046979882,0.8278523489932901,0.8802675585284302,0.7973154362416117,0.8197324414715736,0.8523489932885923,0.8257525083612068,0.8909395973154381,0.7748322147651029,0.7859531772575256,0.8315436241610755,0.8347826086956546,0.8580536912751695,0.8288590604026871,0.8066889632107035,0.7885906040268453,0.8251677852349002,0.8086956521739129,0.7617449664429534,0.8244966442953036,0.8234113712374599,0.7942953020134232,0.7953020134228185,0.7856187290969918,0.7352348993288587,0.732107023411371,0.7338926174496634,0.7359060402684561,0.7347826086956526,0.7687919463087254,0.7768456375838932,0.7468227424749161,0.7473154362416121,0.7540268456375842,0.7020066889632104,0.7043624161073823,0.6869127516778519,0.6317725752508362,0.6845637583892623,0.7422818791946311,0.6424749163879591,0.6295302013422811,0.6588628762541802,0.6218120805369122,0.5593959731543632,0.5752508361204001,0.6932885906040266,0.6046979865771807,0.6946488294314375,0.6268456375838918,0.5003355704697986,0.5424749163879597,0.5221476510067115,0.6191275167785234,0.5862876254180599,0.5959731543624165,0.6133779264214038,0.6161073825503358,0.6761744966442944,0.5953177257525073,0.5765100671140936,0.5489932885906029,0.6545150501672236,0.5426174496644295,0.5718120805369109,0.5692307692307692,0.6080536912751671,0.5674496644295289,0.5983277591973243,0.5916107382550334,0.6812709030100316,0.5090604026845644,0.5458193979933113,0.4852348993288593,0.4728187919463091
yw.shi58B,2.0,0.4237547892720305,0.3864734299516904,0.4451901565995524,0.4637681159420299,0.4955257270693499,0.4601043997017154,0.4764028242289111,0.3635346756152131,0.34489187173750924,0.4448160535117057,0.4552572706935118,0.4973900074571227,0.38164251207729455,0.416107382550335,0.4023117076808346,0.3768115942028975,0.42617449664429546,0.3664065403195837,0.2281879194630878,0.3829231916480239,0.3600891861761428,0.375093214019389,0.2997762863534688,0.366406540319584,0.4015659955257266,0.4440715883668904,0.32887402452619796,0.40865026099925417,0.3530947054436991,0.4633965068747667,0.7878448918717348,0.8325876211782222,0.8387216648086184,0.8105891126025319,0.77629134150873,0.7811334824757626,0.8445190156599529,0.8573021181716809,0.8653989560029807,0.7692020879940311,0.8922333704942386,0.8892617449664408,0.8310961968680054,0.8324043106651777,0.8184190902311674,0.7643549589858281,0.7941285767372701,0.7989594946116664,0.7296793437733009,0.7688292319164763,0.8322147651006685,0.7268673355629851,0.8005219985085733,0.7205499814195439,0.8214019388516008,0.7963582311408365,0.8139448173005197,0.7874720357941809,0.7807506503158652,0.7505592841163292,0.7665920954511531,0.7770345596432529,0.7889634601043961,0.8489932885906013,0.804533630620584,0.8023862788963432,0.7878448918717338,0.8706800445930863,0.7967934377330321,0.7266964951528679,0.8502415458937168,0.8191648023862759,0.8208844295800793,0.7826249067859771,0.8269947800149112,0.7688591601635053,0.841909023117074,0.8717375093214002,0.7495354886659205,0.8381804623415334,0.8225205070842623,0.8078781122259354,0.7870991797166265,0.8337061894108843,0.8149386845038986,0.8381804623415338,0.7205499814195439,0.7494407158836663,0.8020134228187895,0.784838350055738,0.7580164056674087,0.6659209545115568,0.7120029728725352,0.6644295302013405,0.6539895600298266,0.7264957264957232,0.6804623415361655,0.7486950037285578,0.6384243775548112,0.6562266964951504,0.681531029357114,0.716629381058909,0.6644295302013394,0.6703827573392769,0.6353467561521238,0.6935123042505574,0.6934225195094741,0.6752423564504079,0.5928411633109619,0.642140468227423,0.7431021625652473,0.6569724086502595,0.6031215161649925,0.6651752423564483,0.7424749163879558,0.6480238627889615,0.7027127461910048,0.5853840417598793,0.6234153616703935
yw.shi58B,2.0,0.12885906040268505,0.117114093959732,0.14697986577181252,0.14013377926421453,0.060738255033556975,0.11946308724832234,0.12107023411371245,0.045637583892617406,0.04161073825503348,0.024749163879598628,0.0966442953020136,0.08193979933110385,0.06308724832214763,0.08221476510067131,0.06220735785953179,0.1875838926174498,0.17718120805369145,0.17926421404682286,0.18691275167785246,0.16409395973154375,0.12541806020066926,0.09194630872483246,0.029865771812080513,0.07357859531772576,0.1187919463087251,0.0742474916387961,0.08993288590604034,0.14093959731543673,0.09464882943143826,0.043959731543624085,0.551006711409396,0.6949832775919732,0.6963087248322146,0.6852348993288591,0.7996655518394656,0.7177852348993292,0.7583892617449667,0.7989966555183968,0.7241610738255034,0.830434782608697,0.7395973154362422,0.7290969899665545,0.7224832214765095,0.7775167785234908,0.7568561872909716,0.8040268456375842,0.8231543624161094,0.7842809364548503,0.8332214765100681,0.8434782608695666,0.8057046979865787,0.6385906040268449,0.8284280936454869,0.7593959731543626,0.7164429530201348,0.7775919732441472,0.7553691275167794,0.7406040268456371,0.7996655518394665,0.8137583892617459,0.7583892617449663,0.7668896321070241,0.6697986577181206,0.6812709030100343,0.6899328859060407,0.7335570469798639,0.7337792642140458,0.6909395973154356,0.8459731543624184,0.6826086956521737,0.7130872483221474,0.7073825503355708,0.6709030100334453,0.6399328859060409,0.7174496644295302,0.6882943143812702,0.7369127516778523,0.6655518394648821,0.7255033557046968,0.6718120805369118,0.6983277591973258,0.6674496644295292,0.6479865771812076,0.6769230769230756,0.7298657718120807,0.6241610738255033,0.6812709030100332,0.6798657718120805,0.5661073825503352,0.665886287625417,0.678187919463087,0.6551839464882929,0.593959731543624,0.6587248322147651,0.7230769230769232,0.5956375838926162,0.611073825503354,0.6692307692307686,0.6788590604026843,0.7560402684563763,0.7010033444816051,0.6600671140939595,0.7772575250836131,0.6348993288590585,0.6849498327759197,0.7562289562289561,0.6220735785953168,0.6668896321070225,0.6697986577181202,0.7543624161073834,0.6143812709030085,0.6453020134228178,0.7050335570469792,0.6933110367892968,0.6798657718120796,0.6511705685618728,0.6050335570469781,0.6271812080536912,0.5625418060200668
yw.shi58B,2.0,0.001342281879194631,0.007046979865771814,0.00939597315436242,0.0,0.008053691275167784,0.013422818791946315,0.03511705685618722,0.05637583892617444,0.022483221476510044,0.02508361204013377,0.032885906040268434,0.01204013377926422,0.03322147651006708,0.12986577181208062,0.07959866220735802,0.04328859060402677,0.07348993288590618,0.08862876254180632,0.07046979865771802,0.1281879194630877,0.037792642140468194,0.028523489932885875,0.02483221476510066,0.042140468227424656,0.1204697986577182,0.02876254180602005,0.1057046979865776,0.04261744966442945,0.054849498327759136,0.015436241610738253,0.5738255033557053,0.6959866220735788,0.7446308724832209,0.7617449664429533,0.7287625418060198,0.7714765100671144,0.8469798657718138,0.8207357859531784,0.8093959731543637,0.8137123745819407,0.8137583892617468,0.7986622073578606,0.7610738255033566,0.8248322147651019,0.8010033444816071,0.8000000000000007,0.8187919463087256,0.8167224080267578,0.7523489932885915,0.8056856187290984,0.7288590604026844,0.7607382550335569,0.7598662207357876,0.7372483221476509,0.7828859060402681,0.7581939799331107,0.8063758389261759,0.7395973154362421,0.832107023411372,0.8184563758389277,0.8184563758389274,0.7511705685618709,0.7875838926174505,0.8307692307692325,0.7436241610738247,0.803355704697987,0.8056856187290977,0.6771812080536906,0.7177852348993279,0.7745819397993309,0.7228187919463069,0.7922818791946327,0.6397993311036781,0.7583892617449661,0.6402684563758374,0.7739130434782622,0.7684563758389263,0.6555183946488292,0.6983221476510063,0.6634228187919456,0.6347826086956521,0.6476510067114081,0.6906040268456366,0.6966555183946487,0.7026845637583895,0.5959731543624165,0.6060200668896321,0.6718120805369115,0.6174496644295305,0.5933110367892969,0.6869127516778526,0.6618729096989958,0.6624161073825493,0.738590604026846,0.576588628762543,0.6151006711409391,0.6885906040268452,0.7294314381270903,0.6852348993288591,0.7151006711409392,0.5933110367892973,0.5654362416107377,0.6301003344481598,0.6986577181208052,0.5347826086956516,0.8026936026936039,0.7301003344481601,0.7147157190635443,0.6765100671140944,0.7271812080536906,0.6424749163879583,0.6600671140939595,0.5570469798657722,0.6575250836120401,0.7057046979865765,0.6595317725752503,0.6080536912751675,0.6681208053691264,0.6993311036789295
yw.shi58B,2.0,0.05402684563758378,0.01375838926174497,0.03523489932885901,0.035785953177257496,0.11375838926174503,0.15973154362416095,0.08595317725752515,0.09530201342281884,0.06744966442953021,0.02541806020066888,0.08456375838926189,0.03879598662207353,0.1476510067114098,0.03523489932885901,0.0361204013377926,0.024832214765100658,0.02147651006711409,0.03143812709030097,0.022818791946308696,0.019463087248322138,0.015384615384615384,0.016778523489932886,0.013087248322147652,0.007023411371237461,0.012416107382550341,0.06956521739130428,0.2110738255033558,0.1805369127516784,0.08294314381270923,0.16879194630872532,0.07516778523489942,0.3093645484949832,0.7385906040268463,0.7466442953020132,0.6314381270902996,0.733557046979866,0.7305369127516774,0.6451505016722399,0.5761744966442955,0.6551839464882945,0.6493288590604024,0.6070234113712369,0.6835570469798652,0.6499999999999987,0.6177852348993268,0.6535117056856179,0.6244966442953004,0.6598662207357856,0.6697986577181201,0.7387959866220729,0.6328859060402678,0.6765100671140927,0.597324414715719,0.7120805369127512,0.7003355704697978,0.6294314381270892,0.7070469798657726,0.6748322147650999,0.6234113712374569,0.6741610738255028,0.6765100671140928,0.6411371237458185,0.6104026845637581,0.6458193979933105,0.6640939597315425,0.7305369127516781,0.6498327759197301,0.557382550335571,0.6214765100671127,0.6016722408026751,0.5533557046979855,0.7208053691275171,0.5996655518394637,0.6124161073825494,0.6684563758389247,0.5949832775919738,0.6120805369127511,0.6859531772575237,0.5755033557046977,0.6285234899328854,0.5735785953177264,0.6040268456375835,0.6372483221476494,0.5581939799331097,0.6161073825503349,0.6040268456375834,0.6240802675585283,0.44597315436241614,0.5610738255033555,0.5909698996655518,0.6701342281879193,0.6080267558528419,0.6516778523489923,0.6885906040268449,0.6565217391304342,0.6469798657718112,0.6375838926174491,0.5872909698996649,0.6204697986577172,0.6617449664429538,0.6622073578595311,0.6331103678929761,0.5651006711409395,0.5493288590604022,0.7237458193979925,0.6516778523489924,0.6,0.4695652173913033,0.7117449664429524,0.6973154362416107,0.6946488294314375,0.4657718120805362,0.603020134228187,0.5695652173913051,0.6302013422818783,0.5672240802675581,0.5882550335570471,0.6322147651006708,0.6688963210702331
yw.shi58B,2.0,0.14463087248322187,0.18221476510067167,0.14429530201342314,0.10769230769230784,0.0835570469798659,0.11879194630872515,0.2020066889632108,0.14496644295302075,0.11204013377926417,0.1338926174496647,0.13691275167785294,0.15752508361204065,0.08221476510067129,0.11409395973154393,0.056187290969899634,0.18255033557047046,0.08087248322147655,0.07658862876254185,0.09395973154362423,0.1936241610738254,0.21571906354515089,0.21342281879194652,0.2117449664429536,0.1294314381270906,0.11308724832214764,0.1839464882943143,0.1667785234899336,0.1453020134228193,0.1374581939799335,0.3701342281879194,0.7057046979865761,0.7056856187290955,0.662416107382549,0.6073825503355689,0.5237458193979935,0.4261744966442961,0.5248322147651009,0.5153846153846149,0.4161073825503359,0.6060200668896311,0.6560402684563756,0.5772575250836124,0.6144295302013423,0.6805369127516782,0.5976588628762539,0.6879194630872492,0.7448160535117053,0.6506711409395968,0.599664429530201,0.5454849498327755,0.6332214765100654,0.7033557046979866,0.6628762541806018,0.6546979865771805,0.6241610738255023,0.6949832775919728,0.6687919463087253,0.627852348993288,0.710702341137124,0.7167785234899318,0.6634228187919464,0.7113712374581934,0.7385906040268453,0.7632107023411361,0.7479865771812089,0.7540268456375835,0.7153846153846152,0.6798657718120789,0.6922818791946302,0.7979933110367894,0.7543624161073831,0.7379194630872479,0.7321070234113709,0.6610738255033557,0.676174496644295,0.6849498327759184,0.7275167785234884,0.5963210702341142,0.7177852348993295,0.7003355704697989,0.6876254180602009,0.6808724832214771,0.6573825503355697,0.5953177257525097,0.5785234899328863,0.6744966442953022,0.6648829431438124,0.6600671140939585,0.6506711409395962,0.6802675585284271,0.6218120805369118,0.6414715719063534,0.721476510067115,0.7137583892617442,0.6173913043478254,0.5979865771812074,0.6382550335570465,0.6725752508361196,0.704362416107382,0.6798657718120795,0.620066889632107,0.7523489932885901,0.7371237458193985,0.6835570469798652,0.615384615384615,0.6302013422818792,0.7523489932885898,0.6963210702341124,0.6708053691275163,0.7053691275167792,0.7374581939799331,0.6372483221476504,0.6610738255033541,0.7187290969899653,0.7744966442953021,0.6518394648829431,0.5090604026845631,0.5187919463087243,0.6160535117056853
shi.58B,3.0,0.4157088122605361,0.3474544778892605,0.44034302759135024,0.3753251579338536,0.3538404175988081,0.3128262490678597,0.3489409141583055,0.35756897837434765,0.4530201342281879,0.35748792270531377,0.3441461595824016,0.4224459358687547,0.29877369007803906,0.1868008948545862,0.2371364653243856,0.19583797844667453,0.2975391498881433,0.333704942400594,0.4478001491424308,0.30536912751677875,0.4221479004087695,0.39448173005220016,0.479492915734527,0.40691192865105896,0.3873974645786721,0.5074571215510797,0.4314381270903014,0.4873228933631611,0.4436987322893356,0.4804905239687845,0.8258762117822493,0.8769973987365272,0.8139448173005185,0.7058165548098404,0.7369007803790386,0.6155853840417584,0.6241610738255011,0.6767001114827182,0.7322893363161795,0.6793437733035024,0.778892604979558,0.7889634601043966,0.7554064131245308,0.7896692679301338,0.808351976137208,0.7710888145670728,0.7613721103653972,0.7829803047194319,0.7199850857568949,0.7632363907531671,0.7580824972129298,0.8385533184190868,0.7617449664429495,0.7342995169082099,0.7662192393735991,0.7080536912751646,0.7658862876254157,0.7155108128262464,0.7257525083612013,0.7535421327367609,0.7468307233407878,0.7766629505759901,0.7733035048471263,0.7490678598061121,0.8242289111854298,0.7818791946308701,0.7307979120059633,0.8480118914901493,0.7733035048471265,0.8182831661092508,0.7889634601043972,0.7334079045488417,0.8023039762170163,0.794556301267707,0.7628635346756127,0.7707172054998114,0.6838180462341518,0.7065622669649486,0.7421033073206958,0.5973154362416107,0.7002237136465304,0.7112597547380122,0.7184936614466774,0.6566332218506119,0.5831469052945553,0.6882923191647995,0.6610925306577454,0.5503355704697979,0.5596569724086488,0.5748792270531397,0.6073825503355691,0.4944071588366898,0.3530286138981789,0.4664429530201344,0.439597315436241,0.3820141211445557,0.4343773303504845,0.3717375093214021,0.43143812709030055,0.3997017151379568,0.5094760312151618,0.4921700223713639,0.4384787472035793,0.468970642883687,0.5350484712900809,0.4347501864280384,0.536975102192494,0.4910514541387033,0.41424310216256544,0.42177629134150857,0.4436987322893367,0.4690529455630128,0.5421776291341502,0.4418344519015658,0.4682274247491641,0.6040268456375829,0.4944071588366896,0.4176885916016357,0.44780014914243105
shi.58B,3.0,0.2172413793103446,0.20903010033444905,0.14026845637583954,0.21705685618729065,0.24194630872483255,0.2654362416107382,0.21103678929765934,0.10704697986577184,0.1181208053691278,0.18461538461538465,0.2815436241610741,0.2667785234899336,0.23277591973244224,0.2590604026845634,0.19966442953020166,0.13812709030100384,0.1577181208053696,0.09464882943143836,0.14261744966442966,0.3842281879194631,0.3595317725752511,0.29832214765100684,0.24832214765100705,0.3060200668896322,0.3969798657718124,0.3124161073825504,0.3434782608695656,0.3399328859060401,0.4520134228187919,0.5016722408026757,0.8083892617449678,0.8056856187290977,0.7661073825503353,0.7345637583892618,0.6207357859531762,0.7724832214765109,0.7627516778523494,0.7913043478260872,0.7751677852348999,0.7308724832214769,0.7812709030100335,0.772147651006712,0.8046979865771825,0.7441471571906351,0.7590604026845644,0.6889632107023408,0.7134228187919456,0.7013377926421399,0.7171140939597314,0.7976510067114086,0.7344481605351176,0.774161073825504,0.7815436241610743,0.7939799331103676,0.7248322147651013,0.7959731543624154,0.7558528428093648,0.7691275167785233,0.7377926421404691,0.7768456375838919,0.727852348993288,0.7571906354515051,0.7543624161073829,0.7768456375838925,0.783277591973244,0.6882550335570464,0.7916107382550335,0.7896321070234121,0.7781879194630875,0.7491638795986634,0.7835570469798662,0.6969798657718106,0.7712374581939802,0.8285234899328869,0.7204697986577181,0.7979933110367896,0.7231543624161064,0.7939597315436249,0.772909698996656,0.754697986577182,0.7073825503355696,0.7274247491638796,0.7107382550335564,0.6852842809364549,0.7520134228187914,0.6902684563758384,0.5230769230769233,0.6744966442953004,0.6979865771812064,0.606354515050167,0.5399328859060403,0.6765100671140951,0.6759197324414706,0.6308724832214756,0.6080536912751672,0.5979933110367884,0.5969798657718111,0.6422818791946299,0.6508361204013371,0.7020134228187911,0.5896321070234105,0.5694630872483217,0.6402684563758372,0.7180602006688962,0.662751677852347,0.5979865771812074,0.6682274247491632,0.6291946308724825,0.6999999999999985,0.6337792642140468,0.6379194630872485,0.5214765100671136,0.6652173913043478,0.7020134228187912,0.6237458193979938,0.6916107382550333,0.6993288590604019,0.6953177257525079,0.7130872483221475
shi.58B,3.0,0.353448275862069,0.357859531772575,0.5308724832214765,0.4237458193979937,0.3969798657718124,0.4271812080536919,0.4013377926421408,0.4077181208053698,0.3221476510067117,0.4545150501672237,0.4919463087248326,0.3630872483221483,0.3829431438127085,0.4275167785234905,0.4392617449664432,0.4297658862876255,0.3506711409395972,0.6204013377926416,0.413758389261746,0.5446308724832212,0.5357859531772576,0.5375838926174499,0.3325503355704695,0.5183946488294305,0.4630872483221478,0.4785234899328863,0.4976588628762536,0.40536912751677795,0.43523489932885856,0.4501672240802673,0.6449664429530201,0.8180602006688968,0.8600671140939621,0.8187919463087259,0.7290969899665556,0.7932885906040277,0.7802013422818801,0.768227424749163,0.7758389261744975,0.7875838926174499,0.8341137123745845,0.8083892617449675,0.6832214765100666,0.8381270903010052,0.739261744966443,0.7365771812080533,0.7481605351170573,0.7620805369127519,0.7424749163879597,0.7204697986577183,0.7284280936454836,0.7798657718120802,0.7265100671140943,0.7354515050167216,0.8244966442953028,0.7043478260869567,0.7899328859060418,0.6771812080536909,0.7331103678929756,0.7406040268456392,0.6838926174496636,0.8010033444816059,0.7614093959731552,0.8231543624161097,0.7270903010033436,0.7674496644295296,0.7906040268456382,0.6505016722408012,0.7536912751677846,0.7923076923076933,0.7765100671140948,0.8268456375838932,0.8123745819398007,0.7815436241610741,0.7429530201342275,0.7772575250836133,0.7630872483221474,0.6557046979865759,0.7337792642140477,0.7855704697986596,0.7942953020134244,0.7632107023411374,0.7026845637583895,0.7406040268456363,0.6652173913043473,0.7026845637583883,0.638127090301002,0.6892617449664424,0.7114093959731537,0.6190635451505,0.5345637583892624,0.5080536912751673,0.6177257525083607,0.5718120805369129,0.5181208053691279,0.5752508361204015,0.5999999999999991,0.6295302013422811,0.5357859531772576,0.6473154362416103,0.5515050167224085,0.5872483221476501,0.5174496644295306,0.5357859531772571,0.5956375838926169,0.6355704697986575,0.4672240802675586,0.5100671140939598,0.5483221476510066,0.6270903010033438,0.5265100671140935,0.5503355704697994,0.6183946488294305,0.5808724832214759,0.5484949832775916,0.6536912751677842,0.6408026755852834,0.5392617449664436,0.6379194630872478
shi.58B,3.0,0.13586206896551747,0.10133779264214064,0.050671140939597216,0.11337792642140483,0.10067114093959748,0.07818791946308737,0.13277591973244185,0.014765100671140941,0.04295302013422811,0.0819397993311038,0.11744966442953055,0.01677852348993289,0.021070234113712373,0.03724832214765094,0.11644295302013445,0.1357859531772576,0.08993288590604029,0.039464882943143764,0.017785234899328848,0.046308724832214716,0.07658862876254192,0.0812080536912753,0.120805369127517,0.12073578595317715,0.12013422818791987,0.08993288590604027,0.05016722408026747,0.042953020134228095,0.12818791946308752,0.09431438127090304,0.7359060402684576,0.7671140939597321,0.7167224080267568,0.7124161073825498,0.7377926421404677,0.7291946308724827,0.6503355704697977,0.7173913043478252,0.7708053691275175,0.7409395973154365,0.7153846153846156,0.7419463087248326,0.7828859060402696,0.7381270903010037,0.778859060402684,0.7862416107382562,0.7571906354515051,0.7949832775919736,0.8073825503355708,0.8060402684563771,0.8204697986577184,0.8220735785953196,0.7671140939597321,0.731103678929764,0.7285234899328865,0.7989966555183958,0.7607382550335572,0.7808724832214773,0.7799331103678944,0.777181208053692,0.7711409395973159,0.6454849498327748,0.7852348993288593,0.8114093959731551,0.7732441471571903,0.7651006711409392,0.7516778523489936,0.731103678929766,0.7634228187919457,0.7721476510067113,0.8361204013377942,0.7701342281879183,0.7819397993311049,0.7932885906040269,0.7026845637583888,0.7013377926421395,0.6493288590604024,0.6244966442953019,0.8374581939799352,0.7630872483221488,0.7604026845637599,0.7705685618729091,0.7365771812080537,0.6345637583892612,0.7347826086956533,0.7778523489932893,0.7020066889632097,0.7305369127516782,0.6557046979865768,0.6929765886287622,0.7204697986577191,0.7895973154362423,0.7431438127090313,0.7453020134228199,0.7506711409395974,0.6448160535117046,0.7442953020134231,0.7721476510067125,0.7749163879598667,0.7010067114093953,0.6635451505016716,0.6996644295302021,0.6647651006711404,0.6655518394648828,0.6983221476510061,0.696979865771811,0.7334448160535113,0.6640939597315441,0.5483221476510064,0.6498327759197311,0.5785234899328859,0.6130872483221469,0.6595317725752506,0.5815436241610737,0.6434782608695646,0.6805369127516779,0.592976588628762,0.582550335570469,0.632550335570469
shi.58B,3.0,0.2644295302013424,0.4906040268456382,0.29664429530201364,0.3240802675585285,0.26040268456375865,0.3302013422818789,0.2498327759197321,0.2288590604026849,0.23859060402684545,0.16254180602006715,0.33523489932885897,0.21772575250836165,0.37348993288590615,0.4006711409395973,0.2909698996655513,0.3422818791946308,0.3083892617449657,0.4220735785953184,0.3805369127516777,0.4409395973154358,0.31404682274247536,0.4671140939597312,0.4416107382550338,0.5197324414715715,0.4476510067114098,0.4290969899665552,0.282214765100671,0.4288590604026846,0.3759197324414709,0.3456375838926173,0.7073825503355708,0.8230769230769239,0.7436241610738257,0.7734899328859063,0.7588628762541803,0.6211409395973153,0.6197986577181207,0.7581939799331113,0.7053691275167792,0.7729096989966564,0.7439597315436264,0.8227424749163894,0.6791946308724833,0.7302013422818796,0.6715719063545129,0.7365771812080538,0.7275167785234898,0.6749163879598666,0.6936241610738242,0.7501672240802676,0.607718120805369,0.7053691275167775,0.7294314381270911,0.7194630872483215,0.8010067114093959,0.6836120401337789,0.7728187919463083,0.6251677852348991,0.6806020066889622,0.688926174496643,0.7067114093959724,0.6528428093645471,0.7090604026845629,0.6498327759197337,0.7137583892617437,0.7117449664429525,0.7160535117056861,0.7140939597315438,0.7104026845637584,0.7240802675585291,0.7379194630872479,0.7218120805369115,0.7341137123745819,0.704362416107382,0.6627516778523487,0.6304347826086947,0.7416107382550329,0.6424749163879596,0.5899328859060402,0.5214765100671142,0.6695652173913039,0.6835570469798647,0.6345637583892609,0.638127090301002,0.5030201342281878,0.5734899328859056,0.4929765886287626,0.5416107382550331,0.5469798657718118,0.5478260869565206,0.5922818791946295,0.4896321070234112,0.519127516778524,0.5241610738255028,0.5190635451505017,0.4674496644295309,0.5208053691275178,0.6207357859531764,0.4966442953020143,0.5919463087248316,0.4762541806020066,0.5543624161073823,0.5334448160535114,0.5144295302013424,0.5484949832775909,0.5683501683501675,0.6073578595317716,0.5421404682274247,0.6375838926174487,0.6281879194630872,0.5351170568561867,0.5281879194630871,0.6426174496644289,0.540802675585284,0.4852348993288595,0.4471571906354512,0.5916107382550334,0.6036912751677846,0.5364548494983282
shi.58B,3.0,0.3577181208053695,0.3144295302013423,0.34899328859060386,0.3515050167224081,0.4909395973154361,0.4083892617449663,0.3705685618729096,0.2832214765100673,0.3355704697986581,0.2264214046822749,0.2976510067114094,0.2966555183946486,0.2530201342281877,0.4020134228187919,0.3856187290969895,0.3355704697986577,0.35503355704697964,0.394648829431438,0.2318791946308725,0.3167785234899329,0.4133779264214049,0.3634228187919469,0.35805369127516795,0.4250836120401338,0.4261744966442955,0.38561872909698985,0.3449664429530199,0.3818791946308728,0.4103678929765888,0.32382550335570465,0.16610738255033605,0.4287625418060199,0.7795302013422836,0.79765100671141,0.8324414715719076,0.7885906040268453,0.7345637583892626,0.68494983277592,0.7969798657718127,0.751505016722407,0.7382550335570458,0.7615384615384616,0.7919463087248338,0.7580536912751679,0.7691275167785241,0.7602006688963215,0.7875838926174502,0.7351170568561874,0.7573825503355716,0.7872909698996656,0.8043624161073831,0.7375838926174482,0.7076923076923084,0.7073825503355708,0.6979865771812078,0.6993311036789311,0.7781879194630875,0.7671140939597326,0.7434782608695659,0.7040268456375844,0.6516778523489921,0.7113712374581942,0.6942953020134232,0.6923076923076911,0.7382550335570469,0.6577181208053672,0.6996655518394634,0.7553691275167783,0.6348993288590604,0.7163879598662203,0.7422818791946302,0.6667785234899319,0.7234113712374578,0.6630872483221465,0.7382550335570477,0.6849498327759198,0.6302013422818785,0.6996655518394643,0.6815436241610745,0.6268456375838918,0.6993311036789294,0.7073825503355697,0.5973154362416097,0.663879598662207,0.5963087248322142,0.5030201342281884,0.555183946488293,0.6030201342281873,0.4610738255033557,0.5033444816053521,0.4838926174496645,0.3314381270903009,0.4718120805369128,0.5214765100671134,0.4668896321070231,0.4506711409395981,0.4848993288590602,0.4916387959866224,0.5151006711409399,0.4956375838926173,0.485284280936455,0.4595317725752512,0.5050335570469799,0.4184563758389269,0.4180602006688963,0.5520134228187915,0.43724832214765136,0.5100334448160533,0.4906040268456373,0.4610738255033568,0.4180602006688964,0.5651006711409388,0.4963087248322156,0.5404682274247481,0.4932885906040262,0.5297658862876259,0.4201342281879192,0.3479865771812081,0.4143812709030104
shi.58B,3.0,0.0016778523489932886,0.04026845637583883,0.0446308724832214,0.07525083612040143,0.042953020134228116,0.12986577181208106,0.06588628762541811,0.1513422818791952,0.10671140939597357,0.09531772575250863,0.06677852348993288,0.04247491638795981,0.08624161073825523,0.14463087248322198,0.020401337792642138,0.01577181208053691,0.007046979865771813,0.02374581939799329,0.05302013422818781,0.11409395973154372,0.17023411371237487,0.11879194630872535,0.13892617449664468,0.19431438127090334,0.12617449664429545,0.10468227424749167,0.15704697986577204,0.07751677852349008,0.13578595317725795,0.17080536912751726,0.15201342281879254,0.4642140468227423,0.8124161073825507,0.7818791946308727,0.7103678929765893,0.7020134228187911,0.7570469798657724,0.7408026755852847,0.7332214765100675,0.7752508361204025,0.7761744966442962,0.7441471571906352,0.7493288590604029,0.8265100671140951,0.8067114093959743,0.8180602006688974,0.7446308724832215,0.7936454849498344,0.7734899328859065,0.7909698996655519,0.7489932885906049,0.8244966442953023,0.7698996655518403,0.7489932885906023,0.8050335570469813,0.7816053511705687,0.7721476510067106,0.7302013422818809,0.7765886287625418,0.7657718120805371,0.7667785234899341,0.8066889632107033,0.724496644295302,0.8351170568561879,0.7909395973154372,0.7875838926174501,0.7608695652173912,0.8214765100671151,0.842281879194632,0.7959866220735787,0.7315436241610745,0.7593959731543627,0.7769230769230774,0.7197986577181212,0.7976510067114105,0.7752508361204017,0.6828859060402679,0.7655518394648823,0.6530201342281864,0.7224832214765103,0.7806020066889634,0.7530201342281881,0.7570469798657723,0.7107023411371242,0.7281879194630869,0.705704697986577,0.6127090301003333,0.6348993288590604,0.7268456375838926,0.6575250836120399,0.6812080536912746,0.6571906354515036,0.6926174496644294,0.7057046979865763,0.6886287625418063,0.6469798657718119,0.6295302013422814,0.6802675585284279,0.5795302013422814,0.5567114093959736,0.6752508361204023,0.5819397993311042,0.5906040268456377,0.533892617449664,0.5568561872909701,0.5664429530201336,0.6372483221476499,0.5775919732441472,0.6691275167785233,0.69496644295302,0.5943143812709034,0.5530201342281881,0.6503355704697983,0.6003344481605349,0.6419463087248319,0.5331103678929774,0.4983221476510068,0.5926174496644291,0.521739130434782
shi.58B,3.0,0.05331841909023107,0.10700969425801617,0.08501118568232642,0.1374953548866591,0.18493661446681608,0.10924683072334056,0.1742846525455221,0.09172259507829957,0.20066889632107046,0.17039522744220756,0.07494407158836675,0.0523968784838349,0.020134228187919455,0.024235645041014157,0.01820884429580081,0.082774049217002,0.06674123788217734,0.06354515050167214,0.020134228187919448,0.10589112602535396,0.1701969528056492,0.1029082774049214,0.07829977628635328,0.1144555927164621,0.14243102162565285,0.07915273132664417,0.05369127516778514,0.07196122296793424,0.024897807506503142,0.21625652498135714,0.604399701715136,0.7729468599033782,0.5581655480984351,0.7833706189410863,0.6209587513935332,0.6524981357196092,0.6319910514541371,0.5291713117800061,0.7032065622669632,0.7101449275362289,0.6140939597315416,0.5782237086584902,0.6055182699477987,0.7293064876957476,0.639167595689334,0.6185682326621913,0.6952805648457796,0.6219239373601777,0.5361670395227429,0.6224451876625782,0.6614466815809069,0.6659209545115561,0.6629505759940528,0.6170768083519749,0.6558538404175966,0.6432552954292062,0.5827740492170008,0.7542878448918694,0.7116313638052749,0.7039522744220716,0.6308724832214752,0.5681902638424366,0.6290082028337045,0.5871423262727608,0.6476510067114075,0.7371364653243822,0.6480862133036027,0.6569724086502587,0.7606263982102872,0.5157933853586026,0.6099925428784471,0.7106636838180445,0.6599777034559631,0.5499627143922434,0.6696495152870973,0.5685618729096993,0.5723340790454882,0.6265328874024513,0.4880686055182701,0.5096942580164068,0.4823485693050903,0.4917971662938101,0.5137956748694993,0.6068376068376055,0.4269202087994043,0.3989560029828485,0.3433667781493876,0.3907531692766591,0.355704697986577,0.34745447788926115,0.3299776286353474,0.2779635823114079,0.36987322893363145,0.3799403430275908,0.3411371237458196,0.4060402684563759,0.2788963460104407,0.27833519137866986,0.3698732289336317,0.3232662192393741,0.29319955406912,0.29940343027591376,0.3344481605351176,0.2624906785980619,0.2571534745447789,0.20469798657718116,0.2565249813571961,0.2958008175399484,0.3821774794929157,0.2531692766592097,0.2772203641768861,0.2431021625652501,0.3557046979865771,0.2783351913786703,0.24720357941834503,0.25380899293942805,0.2580164056674125,0.31767337807606244,0.2824228911185441
