time_elapsed,replicate_1,replicate_2,replicate_3,replicate_4,replicate_5,replicate_6,replicate_7,replicate_8,replicate_9,replicate_10,replicate_11,replicate_12,time_elapsed.1,replicate_13,replicate_14,replicate_15
"(0, 10]",0.14966442953020162,0.033892617449664396,0.0316927665920954,0.05704697986577175,0.08288590604026841,0.08538404175988047,0.005704697986577183,0.15503355704698052,0.07416107382550338,0.014765100671140938,0.3093959731543624,0.134228187919463,0.5589112602535408,0.4181208053691274,0.29157345264727813,0.27583892617449596
"(10, 20]",0.30570469798657735,0.14664429530201392,0.10439970171513765,0.01241610738255034,0.11442953020134256,0.11931394481730058,0.0463087248322147,0.17818791946308757,0.11744966442953056,0.01107382550335571,0.16644295302013482,0.1319910514541388,0.6040268456375828,0.4755033557046975,0.33780760626398165,0.2362416107382548
"(20, 30]",0.2949664429530203,0.1100671140939601,0.05182699478001481,0.03758389261744959,0.1258389261744969,0.09284116331096175,0.096308724832215,0.2174496644295303,0.03825503355704694,0.07147651006711421,0.23691275167785253,0.018269947800149133,0.5283370618941079,0.4449664429530212,0.24310216256525025,0.3822147651006712
"(30, 40]",0.3023411371237455,0.09899665551839489,0.02006688963210701,0.023745819397993292,0.13846153846153905,0.03790412486064654,0.0882943143812711,0.2150501672240801,0.09431438127090325,0.028093645484949803,0.27959866220735774,0.09847640282422865,0.6231884057970997,0.34180602006688976,0.34522482348569333,0.31438127090301
"(40, 50]",0.3221476510067116,0.07416107382550334,0.04064131245339292,0.1338926174496647,0.13020134228187966,0.09806114839671863,0.03624161073825498,0.11208053691275222,0.05302013422818779,0.035570469798657675,0.2265100671140942,0.04735272184936604,0.5477255779269218,0.4083892617449662,0.3273676360924684,0.19093959731543672
"(50, 60]",0.15302013422818875,0.08456375838926188,0.05182699478001478,0.010738255033557052,0.27919463087248364,0.03914988814317666,0.11979865771812122,0.01610738255033558,0.019798657718120807,0.03724832214765093,0.20067114093959754,0.1495152870991799,0.38068605518270054,0.4785234899328871,0.26920208799403483,0.22483221476510087
"(60, 70]",0.14816053511705726,0.06454849498327758,0.05425492382014108,0.013043478260869573,0.28294314381270946,0.056484578223708566,0.0695652173913044,0.09397993311036792,0.009030100334448165,0.07224080267558529,0.2481605351170567,0.11408398364920086,0.37643998513563753,0.4484949832775924,0.25120772946859965,0.1806020066889638
"(70, 80]",0.13020134228187957,0.06174496644295298,0.09656972408650233,0.02080536912751677,0.1973154362416111,0.10402684563758366,0.024161073825503348,0.08154362416107412,0.051006711409395895,0.00906040268456376,0.3345637583892618,0.033557046979865716,0.4970171513795674,0.3912751677852351,0.38180462341536164,0.1882550335570471
"(80, 90]",0.18227424749163929,0.03879598662207356,0.09476031215161627,0.009395973154362419,0.12080536912751695,0.04942400594574499,0.022818791946308727,0.04429530201342273,0.08294314381270908,0.011409395973154364,0.3073578595317727,0.05053883314752869,0.4704570791527313,0.3661073825503356,0.1991824600520258,0.25317725752508385
"(90, 100]",0.17919463087248358,0.024832214765100665,0.04772557792692012,0.11036789297658862,0.2742474916387956,0.033184190902311665,0.0531772575250835,0.031103678929765878,0.07449664429530205,0.03678929765886282,0.33187919463087295,0.028709917971662925,0.609619686800893,0.40568561872909753,0.1916480238627891,0.26073825503355647
"(100, 110]",0.19228187919463136,0.0033557046979865767,0.13646532438478787,0.05302013422818782,0.22852348993288607,0.04325130499627137,0.07516778523489938,0.016778523489932886,0.018120805369127507,0.010738255033557052,0.302013422818792,0.006711409395973156,0.5082028337061888,0.4117449664429533,0.0857568978374346,0.2919463087248326
"(110, 120]",0.15919732441471623,0.0,0.07692307692307676,0.014046822742474922,0.20903010033444852,0.03753251579338529,0.010367892976588633,0.08394648829431442,0.0505016722408026,0.06488294314381275,0.14648829431438168,0.05945745076179844,0.5863991081382393,0.3391304347826092,0.04310665180230389,0.3290969899665553
"(120, 130]",0.07684563758389272,0.08087248322147667,0.1513795674869501,0.03120805369127515,0.3479865771812082,0.019388516032811318,0.03590604026845631,0.11308724832214788,0.02046979865771811,0.06409395973154365,0.07818791946308733,0.058165548098433884,0.4496644295302006,0.3308724832214762,0.09284116331096172,0.30100671140939605
"(130, 140]",0.19161073825503375,0.02919463087248319,0.16032811334824754,0.01375838926174497,0.2479865771812087,0.07419835943325859,0.035570469798657654,0.10604026845637618,0.024832214765100658,0.1557046979865776,0.10201342281879205,0.0637583892617448,0.44332587621178254,0.4862416107382555,0.10141685309470526,0.27785234899328837
"(140, 150]",0.16622073578595342,0.0,0.21144555927164657,0.07391304347826085,0.36321070234113756,0.05648457822370855,0.008695652173913047,0.1026755852842809,0.03344481605351166,0.008695652173913047,0.2327759197324417,0.00297287253808993,0.44741731698253445,0.4183946488294319,0.15719063545150488,0.3421404682274249
"(150, 160]",0.26845637583892634,0.0,0.08463832960477234,0.06543624161073829,0.2748322147651012,0.06860551826994764,0.07818791946308735,0.23691275167785256,0.023489932885906038,0.019127516778523486,0.24664429530201362,0.05480984340044737,0.49552572706935255,0.33523489932885964,0.17673378076062665,0.24328859060402674
"(160, 170]",0.23389261744966466,0.010738255033557052,0.06375838926174486,0.037248322147650975,0.3570469798657717,0.06711409395973139,0.10100671140939614,0.19362416107382574,0.005704697986577183,0.0476510067114093,0.26744966442953044,0.06860551826994762,0.43027591349738953,0.30234899328859044,0.14205816554809853,0.3399328859060403
"(170, 180]",0.2086956521739136,0.0317725752508361,0.12263099219620935,0.09030100334448161,0.30200668896321076,0.010033444816053515,0.0983277591973247,0.26521739130434785,0.01070234113712375,0.038127090301003294,0.22809364548494965,0.034559643255295404,0.427722036417688,0.22408026755852875,0.09550353028613875,0.3204013377926424
"(180, 190]",0.30604026845637555,0.030872483221476503,0.0719612229679342,0.08590604026845643,0.18489932885906127,0.018269947800149133,0.04127516778523483,0.17281879194630917,0.03489932885906034,0.025838926174496613,0.2234899328859063,0.06189410887397452,0.4097688292319165,0.2828859060402681,0.03504847129008197,0.26711409395973174
"(190, 200]",0.2697986577181207,0.004026845637583892,0.039149888143176666,0.05838926174496638,0.3332214765100674,0.0287099179716629,0.04429530201342273,0.13859060402684603,0.05167785234899317,0.005704697986577182,0.2003355704697992,0.07680835197613702,0.5283370618941085,0.275838926174497,0.08128262490678577,0.2979865771812086
"(200, 210]",0.09665551839464903,0.003678929765886287,0.18468970642883717,0.03210702341137119,0.24581939799331146,0.05574136008918607,0.02207357859531771,0.05719063545150494,0.014381270903010038,0.017725752508361194,0.1665551839464886,0.14901523597175792,0.5076179858788558,0.2652173913043478,0.07506503158677054,0.23311036789297665
"(210, 220]",0.054026845637583816,0.10771812080536916,0.16181953765846438,0.11006711409396001,0.3107382550335571,0.0369127516778523,0.04228187919463079,0.042617449664429465,0.03187919463087245,0.055369127516778464,0.14697986577181243,0.17151379567486982,0.31767337807606355,0.18825503355704745,0.12602535421327377,0.29295302013422825
"(220, 230]",0.03812709030100328,0.15852842809364598,0.23639075316927685,0.10805369127516791,0.38724832214765104,0.05928411633109608,0.030872483221476465,0.08255033557046991,0.021812080536912734,0.030872483221476465,0.15570469798657738,0.12900820283370606,0.37198067632850207,0.2610738255033561,0.10290827740492146,0.36979865771812065
"(230, 240]",0.08288590604026869,0.05939597315436232,0.2140468227424752,0.0361204013377926,0.3180602006688965,0.07432181345224807,0.00802675585284281,0.14180602006689,0.009030100334448163,0.026421404682274215,0.16856187290969915,0.21218877740616893,0.39261744966442913,0.19163879598662262,0.10925306577480473,0.25183946488294356
"(240, 250]",0.05503355704697978,0.07281879194630878,0.11931394481730048,0.10704697986577218,0.3449664429530204,0.10999254287844873,0.029194630872483196,0.11979865771812098,0.02013422818791947,0.024832214765100637,0.12416107382550343,0.12341536167039525,0.3698732289336321,0.26241610738255033,0.07382550335570454,0.34228187919463043
"(250, 260]",0.05284280936454838,0.12274247491638834,0.09215904868078756,0.201672240802676,0.3441471571906356,0.09587513935339997,0.02775919732441467,0.09331103678929767,0.01973244147157191,0.03712374581939794,0.21538461538461592,0.14975845410628047,0.4043106651802296,0.21003344481605418,0.11222593831289472,0.2297658862876253
"(260, 270]",0.08120805369127522,0.04194630872483218,0.10104399701715114,0.18959731543624192,0.39228187919463137,0.07121551081282614,0.03892617449664422,0.07281879194630882,0.06510067114093954,0.03657718120805363,0.12315436241610768,0.1107382550335568,0.33482475764355013,0.22718120805369144,0.17188665175242382,0.3255033557046983
"(270, 280]",0.06812080536912757,0.0,0.10029828486204309,0.1634228187919467,0.3291946308724829,0.046979865771812,0.027181208053691275,0.06275167785234896,0.0422818791946308,0.035234899328859016,0.10100671140939603,0.18307233407904608,0.19910514541387084,0.20805369127516798,0.167039522744221,0.2855704697986579
"(280, 290]",0.08662207357859558,0.009364548494983282,0.06168710516536592,0.35418060200668966,0.3899665551839471,0.06354515050167212,0.04615384615384605,0.06421404682274245,0.039130434782608664,0.06354515050167218,0.12173913043478293,0.14083983649201026,0.24600520252694238,0.07424749163879599,0.2054998141954668,0.28260869565217356
"(290, 300]",0.10000000000000005,0.0010067114093959733,0.09172259507829955,0.35268456375838986,0.23255033557047045,0.029455630126771028,0.06543624161073819,0.11107382550335586,0.04530201342281869,0.058724832214765044,0.13959731543624207,0.04921700223713638,0.2766592095451159,0.02315436241610737,0.18605518269947843,0.291275167785235
"(300, 310]",0.5644295302013427,0.5352348993288587,0.17561521252796408,0.6674496644295298,0.42818791946308754,0.2669649515287099,0.3442953020134228,0.438255033557047,0.008053691275167786,0.1483221476510067,0.10335570469798656,0.024608501118568202,0.16480238627889637,0.45604026845637613,0.6081282624906774,0.6315436241610735
"(310, 320]",0.817056856187292,0.8150501672240809,0.8037904124860621,0.7428093645484952,0.7541806020066877,0.6874767744332929,0.7023411371237456,0.776923076923078,0.46354515050167205,0.5428093645484953,0.5020066889632108,0.41806020066889643,0.28651059085841674,0.8652173913043495,0.827201783723519,0.6816053511705674
"(320, 330]",0.8744966442953034,0.8567114093959748,0.7822520507084237,0.7963087248322149,0.8771812080536938,0.7229679343773286,0.6775167785234898,0.8362416107382565,0.6523489932885902,0.7093959731543626,0.796979865771813,0.7416107382550307,0.6584638329604755,0.8744966442953034,0.7322893363161792,0.642281879194631
"(330, 340]",0.8815436241610753,0.8469798657718132,0.7516778523489912,0.8214765100671158,0.840604026845639,0.7550335570469773,0.7902684563758405,0.8681208053691292,0.572818791946309,0.7036912751677845,0.7869127516778519,0.7143922445935841,0.8247576435495871,0.8640939597315453,0.7390007457121516,0.6194630872483212
"(340, 350]",0.8535117056856198,0.7622073578595316,0.7287253808992906,0.820735785953178,0.8327759197324419,0.7041991824600495,0.7625418060200666,0.8555183946488315,0.5856187290969901,0.6789297658862875,0.7986622073578609,0.6421404682274228,0.8353771832032671,0.7444816053511712,0.6347082868821984,0.568227424749164
"(350, 360]",0.8392617449664443,0.7983221476510076,0.7125279642058138,0.7788590604026849,0.8144295302013429,0.7524235645040976,0.7617449664429528,0.863087248322149,0.8479865771812107,0.7422818791946304,0.8023489932885912,0.6968680089485446,0.7878448918717349,0.8177852348993314,0.5447427293064869,0.5822147651006719
"(360, 370]",0.8113712374581946,0.7066889632107016,0.7009694258016383,0.7828859060402679,0.7063758389261741,0.7695749440715852,0.6671140939597316,0.8130872483221485,0.7842281879194632,0.7959731543624173,0.7057046979865772,0.6032811334824734,0.8146905294556268,0.7540268456375838,0.7121551081282594,0.5043624161073832
"(370, 380]",0.7479865771812084,0.832214765100672,0.702712746191004,0.8023411371237475,0.6227424749163875,0.8487551096246722,0.6588628762541796,0.8264214046822752,0.8575250836120419,0.7836120401337789,0.7612040133779282,0.605722779635822,0.7647714604236322,0.8173913043478271,0.6633221850613132,0.5418060200668899
"(380, 390]",0.7721476510067128,0.8137583892617463,0.7785234899328831,0.8020134228187925,0.7261744966442947,0.7975391498881406,0.7543624161073833,0.8332214765100673,0.8412751677852365,0.7993288590604031,0.7281879194630879,0.5443698732289323,0.7688292319164777,0.788590604026846,0.7050708426547322,0.5751677852348998
"(390, 400]",0.7926421404682282,0.8214046822742478,0.8264585655889978,0.8254180602006705,0.665886287625419,0.8234856930509071,0.7193979933110375,0.8200668896321068,0.8471571906354536,0.6762541806020059,0.781270903010035,0.6900780379041229,0.8212560386473399,0.7622073578595314,0.693422519509474,0.504013377926422
"(400, 410]",0.7570469798657726,0.7942953020134228,0.7744220730797874,0.7614093959731549,0.7842281879194637,0.6785980611483939,0.8231543624161088,0.8097315436241634,0.8265100671140958,0.8130872483221481,0.7882550335570478,0.6521252796420569,0.7274422073079763,0.7570469798657722,0.6439224459358682,0.6070469798657713
"(410, 420]",0.8338926174496656,0.7560402684563745,0.7964205816554772,0.7464882943143821,0.8190635451505031,0.7086584912671842,0.760869565217392,0.752173913043479,0.845302013422821,0.72742474916388,0.8375838926174503,0.6636838180462312,0.7369007803790392,0.806020066889633,0.7032065622669619,0.5701342281879195
"(420, 430]",0.7665551839464884,0.8260869565217402,0.7447045707915246,0.7768456375838944,0.7560402684563758,0.8053691275167753,0.7365771812080526,0.8365771812080557,0.8565217391304369,0.7973154362416124,0.7906354515050177,0.7160906726124091,0.6897837434750161,0.767114093959732,0.6406540319583772,0.5588628762541794
"(430, 440]",0.7993288590604042,0.8201342281879213,0.7800149142430982,0.8010067114093959,0.7862416107382563,0.7882177479492889,0.7429530201342287,0.8513422818791961,0.8651006711409421,0.851342281879196,0.7785234899328856,0.7065622669649492,0.7680835197613695,0.6842281879194637,0.6756152125279616,0.5657718120805368
"(440, 450]",0.7357859531772586,0.7612040133779264,0.8052768487551065,0.7695652173913056,0.7862876254180607,0.8260869565217359,0.7207357859531763,0.8618729096989975,0.833779264214047,0.8234113712374588,0.8334448160535123,0.745076179858785,0.8019323671497557,0.8050167224080278,0.7205499814195442,0.4916387959866221
"(450, 460]",0.6906040268456365,0.8127516778523501,0.7162565249813551,0.766107382550336,0.7352348993288585,0.8717375093213995,0.7322147651006709,0.7946308724832217,0.8419463087248337,0.783221476510068,0.7775167785234908,0.656226696495151,0.712155108128259,0.7919463087248323,0.6771066368381778,0.5479865771812077
"(460, 470]",0.8150501672240803,0.6832775919732433,0.7491638795986584,0.7439597315436233,0.7063758389261738,0.8078781122259352,0.7483221476510076,0.8255033557046993,0.825083612040136,0.7838926174496651,0.7712374581939796,0.6804162021553302,0.6603493125232234,0.752013422818791,0.668153102935709,0.493979933110368
"(470, 480]",0.8003367003367016,0.8161616161616176,0.6845637583892594,0.7294314381270899,0.772575250836121,0.7926920208799365,0.7792642140468227,0.8742474916387977,0.8422818791946317,0.8003344481605364,0.7543624161073824,0.7278150633855306,0.7453392990305714,0.7809364548494991,0.6737509321401914,0.5476510067114084
"(480, 490]",0.7638795986622078,0.7528428093645486,0.6696495152870978,0.7865771812080552,0.7395973154362405,0.7479492915734508,0.7550335570469804,0.7382550335570485,0.8167785234899347,0.7899328859060423,0.8211409395973165,0.7140193885160293,0.6957494407158817,0.805704697986577,0.7017151379567449,0.5456375838926175
"(490, 500]",0.8006711409395986,0.7567114093959729,0.6295057599405415,0.7655518394648831,0.7127090301003338,0.7476774433296149,0.7782608695652184,0.7665551839464894,0.8725752508361219,0.8083612040133801,0.7846153846153842,0.6239316239316214,0.7298402081010749,0.7568561872909705,0.6633221850613128,0.5501672240802669
"(500, 510]",0.7658862876254194,0.7929765886287632,0.6633109619686781,0.7379194630872495,0.7291946308724837,0.7404921700223684,0.7835570469798674,0.8718120805369142,0.7681208053691279,0.7701342281879199,0.796644295302015,0.5249813571961232,0.739746457867261,0.7546979865771808,0.7293064876957471,0.5583892617449662
"(510, 520]",0.8030201342281889,0.6993288590604028,0.7289336316181921,0.7325503355704687,0.7593959731543624,0.7897091722595061,0.7419463087248307,0.8040268456375849,0.7731543624161075,0.7808724832214773,0.8107382550335579,0.5984340044742709,0.7311707680835171,0.794966442953022,0.6938851603281103,0.5288590604026846
"(520, 530]",0.7518394648829422,0.7083612040133777,0.634708286882198,0.6665551839464868,0.7491638795986625,0.8405797101449233,0.708695652173914,0.8230769230769253,0.7662207357859541,0.8123745819398001,0.7678929765886289,0.5971757710888145,0.7250092902266778,0.7421404682274253,0.647714604236342,0.4334448160535111
"(530, 540]",0.7466442953020134,0.7708053691275167,0.7371364653243823,0.6983221476510064,0.7543624161073844,0.77367636092468,0.7013422818791935,0.8151006711409409,0.8023489932885911,0.8083892617449678,0.7929530201342277,0.689410887397462,0.8102162565249783,0.7889261744966456,0.7207307979120027,0.5308724832214771
"(540, 550]",0.7607382550335573,0.7389261744966438,0.5950782997762849,0.8124161073825513,0.7577181208053689,0.7602535421327341,0.7416107382550334,0.8369127516778534,0.8161073825503372,0.725503355704697,0.8204697986577195,0.7677106636838145,0.6502609992542856,0.7731543624161081,0.6480238627889617,0.5872483221476498
"(550, 560]",0.8020066889632118,0.7361204013377926,0.8015607580824942,0.7408026755852847,0.6541806020066886,0.8186547751765108,0.8060200668896323,0.7993311036789307,0.8678929765886305,0.7722408026755866,0.7481605351170566,0.7242660720921561,0.701226309921959,0.8000000000000024,0.6763285024154561,0.5468227424749162
"(560, 570]",0.7681208053691284,0.7838926174496655,0.7252050708426518,0.7922818791946324,0.6463087248322144,0.8016405667412347,0.7791946308724835,0.8395973154362425,0.8325503355704703,0.8164429530201351,0.8003355704698,0.5197613721103652,0.7427293064876926,0.7486577181208047,0.5760626398210287,0.4731543624161073
"(570, 580]",0.7583892617449672,0.7446308724832218,0.6826994780014891,0.7614093959731546,0.7489932885906032,0.8460104399701682,0.7503355704697986,0.8781879194630887,0.7932885906040281,0.793288590604027,0.7580536912751686,0.6730052199850832,0.7084265473527196,0.7513422818791953,0.6547352721849354,0.5600671140939597
"(580, 590]",0.7605351170568563,0.7337792642140455,0.6937941285767346,0.7210702341137121,0.765217391304348,0.7328130806391645,0.8046822742474923,0.7307692307692316,0.823411371237459,0.8685618729097012,0.7434782608695653,0.5882571534745438,0.808621330360458,0.730434782608697,0.739130434782606,0.5026755852842804
"(590, 600]",0.703691275167785,0.7399328859060407,0.6528709917971642,0.8187919463087262,0.7211409395973148,0.8094705443698712,0.749328859060402,0.8023489932885897,0.8389261744966462,0.8577181208053707,0.7261744966442951,0.7166293810589078,0.6703952274422054,0.7244966442953023,0.6469052945563,0.5835570469798652
"(600, 610]",0.7404682274247504,0.6234113712374576,0.7606837606837585,0.7328859060402697,0.7593959731543626,0.7483221476510042,0.6922818791946301,0.8241610738255042,0.8627516778523515,0.8110738255033577,0.7359060402684567,0.6894108873974623,0.7770345596432521,0.7385906040268454,0.6666666666666647,0.5634228187919451
"(610, 620]",0.7724832214765115,0.6788590604026842,0.7580164056674097,0.7518394648829435,0.7384615384615378,0.8182831661092506,0.7284280936454846,0.8301003344481622,0.808361204013379,0.8297658862876268,0.7869565217391308,0.5466369379412845,0.7300521998508555,0.7602006688963215,0.7175771088814548,0.5625418060200661
"(620, 630]",0.7775167785234901,0.727852348993289,0.6219239373601785,0.7802013422818795,0.8046979865771807,0.8266219239373573,0.7140939597315432,0.8526845637583899,0.798322147651008,0.7852348993288599,0.780536912751678,0.7486950037285574,0.6644295302013393,0.765771812080537,0.7087994034302729,0.5624161073825493
"(630, 640]",0.7505016722408032,0.7454849498327764,0.6859903381642487,0.7123745819397997,0.7173913043478257,0.8617614269788155,0.8026755852842824,0.7414715719063553,0.7963210702341134,0.7745819397993307,0.7812709030100338,0.6592344853214387,0.6581196581196568,0.7568561872909713,0.7134894091415804,0.537792642140468
"(640, 650]",0.7617449664429538,0.7241610738255023,0.6536167039522728,0.7281879194630876,0.7496644295302022,0.7915734526472744,0.7402684563758379,0.8379194630872491,0.8003355704698004,0.67718120805369,0.7617449664429544,0.6401938851603266,0.7035794183445161,0.7697986577181208,0.6554809843400423,0.6033557046979867
"(650, 660]",0.7550335570469795,0.7332214765100663,0.621923937360177,0.7563758389261741,0.7892617449664441,0.753169276659207,0.6040268456375829,0.8805369127516797,0.7949664429530214,0.8060402684563767,0.7815436241610735,0.7270693512304224,0.7568978374347476,0.7265100671140936,0.6864280387770301,0.48489932885906
"(660, 670]",0.7622073578595318,0.7414715719063543,0.5826830174656248,0.6899665551839471,0.709364548494982,0.76105536975102,0.7204013377926429,0.842474916387962,0.8301003344481617,0.8063545150501684,0.8157190635451519,0.7454477889260475,0.6596060943887014,0.6899665551839462,0.6506874767744312,0.5525083612040135
"(670, 680]",0.7251677852348984,0.7161073825503357,0.6826994780014899,0.7771812080536914,0.7429530201342273,0.7971662938105858,0.8040268456375848,0.8500000000000013,0.773489932885907,0.7791946308724833,0.8100671140939617,0.7020879940342999,0.7330350484712886,0.7540268456375843,0.6726323639075289,0.5607382550335567
"(680, 690]",0.6966442953020132,0.6996644295302014,0.6588366890380294,0.7993288590604037,0.7395973154362406,0.752423564504098,0.7000000000000001,0.7859060402684568,0.7644295302013439,0.8214765100671161,0.7714765100671148,0.6677852348993273,0.725205070842652,0.7469798657718135,0.671513795674867,0.58489932885906
"(690, 700]",0.7394648829431446,0.7113712374581924,0.7450761798587855,0.7046822742474909,0.7598662207357855,0.8023039762170161,0.6979933110367896,0.8525083612040139,0.8040133779264215,0.7371237458193984,0.7193979933110365,0.6596060943887002,0.8160535117056834,0.6929765886287628,0.6239316239316226,0.5451505016722402
"(700, 710]",0.7372483221476499,0.7137583892617447,0.6879194630872456,0.7151006711409389,0.7949664429530209,0.7464578672632339,0.7610738255033561,0.7909395973154378,0.8063758389261751,0.7855704697986585,0.7832214765100688,0.7039522744220695,0.7177479492915709,0.6865771812080541,0.6439224459358663,0.5231543624161071
"(710, 720]",0.7325503355704687,0.5906040268456375,0.7013422818791916,0.7697986577181217,0.7761744966442947,0.7360178970917195,0.7543624161073826,0.8194630872483238,0.7318791946308714,0.8063758389261766,0.7976510067114086,0.6968680089485442,0.696122296793435,0.6912751677852338,0.7233407904548811,0.5456375838926173
"(720, 730]",0.6397993311036789,0.6020066889632101,0.7082868821999234,0.726755852842811,0.7906354515050187,0.8045336306205835,0.7628762541806025,0.8214046822742482,0.7658862876254188,0.7789297658862886,0.8137123745819405,0.6499442586399089,0.5934596804162003,0.7053511705685626,0.6796729840208078,0.5334448160535109
"(730, 740]",0.7637583892617454,0.7268456375838924,0.7207307979120039,0.8050335570469814,0.7191275167785232,0.7837434750186394,0.7667785234899331,0.7989932885906061,0.7493288590604031,0.7513422818791952,0.8003355704697985,0.7244593586875441,0.687546607009692,0.7295302013422827,0.6718866517524217,0.5600671140939585
"(740, 750]",0.6839464882943134,0.6662207357859528,0.7084265473527193,0.7312080536912756,0.7617449664429526,0.7662192393735986,0.7728187919463098,0.8040268456375842,0.7530201342281889,0.8181208053691287,0.7234899328859054,0.6879194630872468,0.6979865771812052,0.7731543624161067,0.6595824011931379,0.5687919463087239
"(750, 760]",0.7882550335570472,0.673154362416106,0.6960237829803022,0.7284280936454847,0.7404682274247493,0.8030471943515397,0.6953177257525077,0.8678929765886295,0.7591973244147173,0.7946488294314393,0.707692307692307,0.7082868821999231,0.6547751765143045,0.7822742474916394,0.6677814938684483,0.5066889632107027
"(760, 770]",0.7285234899328857,0.5251677852348987,0.6648023862788939,0.7426174496644298,0.7335570469798663,0.7621178225205039,0.7744966442953036,0.7828859060402688,0.807046979865773,0.7563758389261742,0.6687919463087237,0.6219239373601769,0.6972408650260976,0.7020134228187916,0.6834451901565988,0.5765100671140928
"(770, 780]",0.7324414715719063,0.6628762541806011,0.6949089557785177,0.7224080267558511,0.7809364548494998,0.7447045707915257,0.726421404682274,0.8498327759197338,0.7963210702341149,0.7926421404682292,0.746153846153847,0.6309921962095859,0.7788926049795588,0.6739130434782599,0.6250464511334073,0.5595317725752501
"(780, 790]",0.6748322147651002,0.59731543624161,0.6744966442953,0.6848993288590599,0.7338926174496628,0.7632363907531666,0.7459731543624161,0.8214765100671167,0.7684563758389277,0.8167785234899336,0.7630872483221471,0.632736763609245,0.6946308724832191,0.7916107382550339,0.6286353467561503,0.5208053691275167
"(790, 800]",0.6499999999999982,0.5375838926174488,0.6480238627889618,0.7067114093959723,0.7191275167785232,0.7438478747203554,0.7419463087248326,0.829194630872486,0.7620805369127515,0.7771812080536917,0.7771812080536921,0.6487695749440692,0.7796420581655453,0.6986577181208053,0.689038031319908,0.5607382550335566
"(800, 810]",0.7153846153846155,0.60066889632107,0.6261612783351908,0.7016722408026758,0.7444816053511707,0.7759197324414686,0.7207357859531764,0.8260869565217396,0.7939799331103685,0.7254180602006685,0.7595317725752497,0.5878855444072822,0.7012263099219594,0.7026755852842795,0.600520252694164,0.5103678929765899
"(810, 820]",0.768456375838927,0.6560402684563753,0.5249813571961214,0.6976510067114093,0.7597315436241608,0.7337807606263945,0.7644295302013436,0.7281879194630876,0.8093959731543632,0.816442953020135,0.6614093959731532,0.5850111856823267,0.7449664429530175,0.7268456375838913,0.6275167785234889,0.5959731543624159
"(820, 830]",0.6942953020134226,0.6013422818791936,0.6871737509321375,0.7271812080536915,0.738590604026844,0.7695749440715848,0.7268456375838926,0.7936241610738263,0.7751677852348993,0.7597315436241623,0.7540268456375833,0.5764354958985819,0.6912751677852326,0.7130872483221472,0.5812826249067853,0.5100671140939591
"(830, 840]",0.6538461538461539,0.4949832775919743,0.674098848011889,0.7535117056856191,0.7401337792642144,0.7082868821999228,0.7224080267558532,0.802341137123747,0.7625418060200668,0.7782608695652178,0.7317725752508359,0.6131549609810464,0.6729840208101059,0.6270903010033434,0.6848755109624652,0.5157190635451501
"(840, 850]",0.723489932885905,0.4963087248322145,0.6346010439970156,0.7691275167785238,0.7906040268456377,0.7084265473527174,0.741610738255033,0.8087248322147663,0.6728187919463087,0.735570469798657,0.739597315436242,0.6349739000745691,0.6916480238627867,0.665436241610737,0.6185682326621901,0.5624161073825494
"(850, 860]",0.6694630872483199,0.626510067114094,0.5902311707680838,0.7614093959731547,0.724161073825502,0.7404921700223684,0.6614093959731544,0.8439597315436256,0.6751677852348992,0.7006711409395975,0.7721476510067107,0.6424310216256497,0.6383296047725568,0.7379194630872482,0.7050708426547327,0.4704697986577184
"(860, 870]",0.6428093645484941,0.5648829431438118,0.5696767001114816,0.7508361204013374,0.7508361204013377,0.6384243775548105,0.680602006688963,0.7528428093645488,0.6993311036789309,0.7505016722408026,0.7016722408026749,0.5332590115198808,0.7231512448903726,0.6889632107023405,0.5499814195466364,0.5234113712374585
"(870, 880]",0.6265100671140933,0.6114093959731534,0.6140939597315422,0.6657718120805359,0.7399328859060389,0.6502609992542866,0.6785234899328856,0.7607382550335583,0.7553691275167783,0.7691275167785239,0.7181208053691274,0.5343027591349735,0.740119313944814,0.6791946308724828,0.7218493661446658,0.450335570469799
"(880, 890]",0.6862416107382541,0.5738255033557043,0.6155853840417597,0.7399328859060402,0.7429530201342271,0.7878448918717346,0.7312080536912753,0.8473154362416122,0.7073825503355703,0.799328859060404,0.7197986577181196,0.5398956002982852,0.6789709172259485,0.6211409395973142,0.5872483221476512,0.52248322147651
"(890, 900]",0.70334448160535,0.626421404682273,0.5878855444072826,0.7334448160535122,0.6702341137123735,0.7105165366034899,0.7287625418060198,0.743143812709029,0.6943143812709024,0.6759197324414714,0.7364548494983267,0.586770717205498,0.6666666666666649,0.7073578595317718,0.5789669267930125,0.4872909698996659
"(900, 910]",0.7392617449664426,0.5728187919463084,0.6659209545115571,0.7359060402684563,0.7288590604026844,0.7166293810589099,0.7570469798657723,0.803355704697988,0.6738255033557055,0.6231543624161064,0.707718120805369,0.645786726323637,0.5268456375838926,0.6147651006711401,0.44929157345264736,0.4167785234899334
"(910, 920]",0.6839464882943131,0.5481605351170572,0.5826830174656259,0.7488294314381276,0.6668896321070226,0.8167967298402048,0.7484949832775921,0.7441471571906354,0.8488294314381282,0.8013377926421412,0.7230769230769233,0.43887030843552577,0.5815681902638417,0.6311036789297644,0.48049052396878406,0.49297658862876254
"(920, 930]",0.65469798657718,0.6154362416107377,0.5850111856823252,0.7288590604026848,0.696979865771812,0.7565249813571926,0.7761744966442956,0.70704697986577,0.7936241610738263,0.8134228187919468,0.793288590604027,0.5339299030574214,0.6636838180462314,0.615436241610737,0.5607755406413111,0.5174496644295303
"(930, 940]",0.6382550335570463,0.6741610738255034,0.4686800894854584,0.6087248322147649,0.6912751677852339,0.7889634601043957,0.6748322147650998,0.6714765100671138,0.8255033557046985,0.7181208053691275,0.821812080536915,0.538031319910513,0.6569724086502595,0.6033557046979854,0.6942580164056644,0.47281879194630905
"(940, 950]",0.7571906354515053,0.6521739130434773,0.5759940542549237,0.6016722408026737,0.6979933110367886,0.6993682645856535,0.7100334448160538,0.7444816053511699,0.7762541806020077,0.7969899665551848,0.8110367892976605,0.49126718691936233,0.6387959866220714,0.6789297658862882,0.6949089557785187,0.4772575250836118
"(950, 960]",0.7771812080536917,0.6577181208053687,0.605518269947801,0.6687919463087242,0.6359060402684573,0.7527964205816523,0.7489932885906042,0.6929530201342265,0.7513422818791946,0.8214765100671156,0.773489932885907,0.5152870991797188,0.47688292319164804,0.6335570469798659,0.7170022371364638,0.5090604026845631
"(960, 970]",0.8114093959731561,0.6614093959731531,0.588366890380312,0.697986577181208,0.603020134228188,0.7796420581655449,0.6996644295302017,0.6889261744966435,0.8077181208053705,0.828523489932888,0.7959731543624168,0.3739746457867262,0.5760626398210283,0.6778523489932875,0.5779269202087998,0.4567114093959736
"(970, 980]",0.7906354515050158,0.6408026755852829,0.5726495726495714,0.7290969899665548,0.6086956521739125,0.6941657376439961,0.7478260869565212,0.7274247491638807,0.8016722408026756,0.6886287625418044,0.7782608695652178,0.6246748420661441,0.5741360089186166,0.7214046822742475,0.7369007803790378,0.5244147157190641
"(980, 990]",0.7744966442953017,0.6630872483221469,0.4701715137956745,0.7171140939597315,0.6208053691275162,0.7009694258016381,0.6822147651006711,0.7681208053691289,0.8409395973154388,0.7832214765100686,0.7258389261744956,0.48061148396718995,0.5607755406413106,0.6476510067114083,0.6815809097688273,0.5305369127516779
"(990, 1000]",0.7681208053691282,0.7073825503355698,0.5633855331841893,0.6778523489932882,0.6372483221476509,0.6681580909768808,0.7191275167785226,0.761409395973154,0.788590604026846,0.7446308724832214,0.6999999999999998,0.477628635346756,0.622296793437731,0.6550335570469785,0.6058911260253531,0.5503355704697986
"(1000, 1010]",0.814715719063546,0.6013377926421396,0.487179487179488,0.6414715719063531,0.5919732441471566,0.6272761055369729,0.6806020066889633,0.677926421404681,0.7682274247491655,0.8331103678929782,0.6160535117056858,0.3983649201040506,0.5124489037532517,0.6719063545150497,0.6889632107023381,0.5020066889632103
"(1010, 1020]",0.8664429530201359,0.6023489932885903,0.49386845039018956,0.671571906354514,0.6953020134228193,0.579045488441461,0.5597315436241614,0.6285234899328844,0.7986577181208065,0.8161073825503372,0.5966442953020133,0.3683818046234157,0.4839671886651743,0.6241610738255025,0.65626161278335,0.4548494983277594
"(1020, 1030]",0.6612040133779267,0.5311036789297655,0.32326621923937454,0.6536912751677841,0.6379194630872478,0.548866592344852,0.6247491638795976,0.7715719063545154,0.7585284280936457,0.8304347826086981,0.6872483221476496,0.33855331841908964,0.5774804905239683,0.5979933110367885,0.7188665175242331,0.4563758389261742
"(1030, 1040]",0.5503355704697978,0.560402684563758,0.5760626398210278,0.6486577181208041,0.7381270903010041,0.556674123788216,0.62986577181208,0.6157718120805367,0.7912751677852365,0.7580536912751673,0.5729096989966559,0.3875882571534743,0.5633855331841907,0.6087248322147651,0.6409395973154338,0.5322147651006711
"(1040, 1050]",0.7448160535117065,0.5224080267558529,0.5403195837978458,0.6394648829431422,0.7541806020066903,0.5667038275733944,0.5662207357859528,0.655852842809364,0.8083612040133785,0.738926174496644,0.6829431438127084,0.3641768859160162,0.5934596804162006,0.6622073578595304,0.6610925306577468,0.45752508361204025
"(1050, 1060]",0.7822147651006714,0.5288590604026839,0.47501864280387834,0.7644295302013426,0.661409395973154,0.4880686055182698,0.6181208053691281,0.6734899328859052,0.7281879194630874,0.7207357859531786,0.6302013422818784,0.5283370618941097,0.5775540641312434,0.6634228187919444,0.6666666666666645,0.46677852348993304
"(1060, 1070]",0.7546979865771807,0.6778523489932885,0.5555555555555547,0.5912751677852348,0.6201342281879193,0.5126771066368376,0.6060402684563748,0.7258389261744973,0.7372483221476509,0.6701342281879186,0.5432885906040263,0.29903057419836027,0.6946308724832196,0.6248322147650999,0.631245339299029,0.5409395973154362
"(1070, 1080]",0.6913043478260874,0.7123745819397994,0.55369751021925,0.6257525083612032,0.6066889632107012,0.48272017837235287,0.4267558528428095,0.6414715719063552,0.7157190635451492,0.6684563758389246,0.6361204013377912,0.2876254180602005,0.6577480490523947,0.6762541806020063,0.6376811594202887,0.4906354515050167
"(1080, 1090]",0.7046979865771816,0.6288590604026849,0.5626398210290825,0.5493288590604021,0.6610738255033557,0.3557046979865778,0.38859060402684564,0.6348993288590591,0.7288590604026848,0.7060200668896324,0.5862416107382546,0.41200596569724157,0.5525727069351224,0.635906040268455,0.6267710663683804,0.5359060402684558
"(1090, 1100]",0.7681208053691273,0.6208053691275155,0.5671140939597317,0.6416107382550332,0.7127516778523484,0.4858314690529461,0.4244966442953024,0.5976510067114085,0.7087248322147648,0.615771812080537,0.5778523489932877,0.24123788217748035,0.660328113348246,0.5775167785234888,0.6696495152870967,0.46644295302013566
"(1100, 1110]",0.6872909698996653,0.6588628762541792,0.5477517651430682,0.6384615384615374,0.7040133779264214,0.4942400594574508,0.5066889632107019,0.6254180602006676,0.7635451505016723,0.7301003344481599,0.5709030100334447,0.27127461910070627,0.6592344853214398,0.6050167224080271,0.6332218506131531,0.46187290969899625
"(1110, 1120]",0.7614093959731554,0.6332214765100665,0.5365398956002979,0.6597315436241625,0.6426174496644288,0.44481730052199875,0.5543624161073821,0.5577181208053691,0.8006711409395987,0.8352348993288604,0.5536912751677847,0.1950037285607759,0.6211782252050693,0.669463087248321,0.653243847874719,0.5322147651006717
"(1120, 1130]",0.7113712374581934,0.6153846153846143,0.6480238627889622,0.6721476510067106,0.6442953020134231,0.36987322893363145,0.5120805369127511,0.5657718120805365,0.6630872483221473,0.7664429530201333,0.6120805369127515,0.19313944817300546,0.6483967188665157,0.5895973154362413,0.6215510812826227,0.5161073825503353
"(1130, 1140]",0.6026845637583885,0.51979865771812,0.4834633965068747,0.6892976588628749,0.584615384615385,0.4916387959866217,0.4217391304347826,0.5668896321070226,0.6969899665551836,0.5849498327759203,0.5023411371237456,0.21144555927164624,0.5834262356001483,0.7043478260869551,0.6224451876625763,0.4270903010033443
"(1140, 1150]",0.7248322147651,0.47449664429530214,0.6114839671886627,0.587919463087247,0.6822147651006704,0.5544369873228925,0.531543624161074,0.6208053691275167,0.6956375838926172,0.5412751677852351,0.504026845637584,0.3214019388516025,0.48545861297539167,0.6379194630872476,0.6457867263236361,0.5375838926174493
"(1150, 1160]",0.6090301003344477,0.5816053511705684,0.6614641397250087,0.6337792642140464,0.7264214046822741,0.4340393905611291,0.46053511705685596,0.531772575250836,0.753511705685619,0.595317725752508,0.5277591973244142,0.18023039762170204,0.6436269044964681,0.6515050167224073,0.5603864734299516,0.5585284280936448
"(1160, 1170]",0.5473154362416102,0.5359060402684566,0.5816554809843391,0.5006711409395973,0.6315436241610735,0.46793437733035054,0.34161073825503396,0.4130872483221485,0.7372483221476513,0.6033557046979856,0.5023489932885904,0.23527218493661453,0.6021625652498114,0.6325503355704681,0.5216256524981361,0.4711409395973156
"(1170, 1180]",0.6755033557046976,0.480872483221477,0.6029082774049218,0.5624161073825492,0.5409395973154356,0.3829231916480242,0.5003355704697987,0.4728187919463099,0.792281879194632,0.6768456375838922,0.6278523489932872,0.21178225205070847,0.6875466070096926,0.6778523489932884,0.6793437733035029,0.4691275167785238
"(1180, 1190]",0.6525083612040137,0.41404682274247473,0.5574136008918619,0.6705685618729099,0.6180602006688956,0.3957636566332214,0.3953177257525084,0.42107023411371164,0.7926421404682287,0.5866220735785943,0.6458193979933106,0.14938684503901925,0.6038647342995159,0.7010033444816046,0.5507246376811584,0.46923076923077023
